id,created_at,bar_start,slug,meta_checkpoint_minute,meta_bar_start_utc,meta_minutes_remaining,meta_data_age_s,meta_feeds_healthy_binance_spot,meta_feeds_healthy_binance_perp,meta_feeds_healthy_coinbase,meta_feeds_healthy_polymarket,meta_feeds_healthy_liq_stream,candle_state_open,candle_state_last,candle_state_high,candle_state_low,candle_state_cushion_usd,candle_state_cushion_sign,candle_state_cushion_atr1m,candle_state_expected_remaining_move_usd,candle_state_reachability_ratio,candle_state_high_low_position,candle_state_time_above_open_pct,candle_state_max_adverse_excursion_usd,flaa_depth_flip_path_usd,flaa_depth_continuation_usd,flaa_path_asymmetry_ratio,flaa_flip_path_consumed_180s_usd,flaa_flip_path_replenish_ratio,flaa_iceberg_refill_count,flaa_est_flow_to_flip_usd,flaa_flow_to_flip_minutes_at_current_rate,flaa_defended,tape_cvd_candle_usd,tape_cvd_delta_1m,tape_cvd_delta_3m,tape_cvd_slope_r2,tape_cvd_trajectory,tape_sweep_events_3m_buy_sweeps,tape_sweep_events_3m_sell_sweeps,tape_sweep_events_3m_largest_sweep_usd,tape_sweep_events_3m_largest_sweep_side,tape_sweep_events_3m_sweep_price_impact_bps,tape_efficiency_3m,tape_absorption_flag,tape_absorption_side,tape_absorption_strength,tape_large_print_net_3m_usd,perp_spot_divergence_basis_usd_now,perp_spot_divergence_basis_delta_3m,perp_spot_divergence_perp_cvd_minus_spot_cvd_5m_usd,perp_spot_divergence_leader_venue_3m,perp_spot_divergence_oi_delta_candle_pct,perp_spot_divergence_oi_price_regime,perp_spot_divergence_funding_rate,liquidations_long_liq_usd_5m,liquidations_short_liq_usd_5m,liquidations_net_liq_pressure_sign,liquidations_cascade_flag,liquidations_nearest_liq_cluster_above_usd,liquidations_nearest_liq_cluster_below_usd,cross_venue_coinbase_premium_usd,cross_venue_coinbase_premium_slope_3m,cross_venue_venue_cvd_agreement,cross_venue_us_spot_leading,htf_context_trend_1h_dir,htf_context_trend_1h_adx,htf_context_trend_1h_price_vs_ema50,htf_context_vwap_stack_above_session_vwap,htf_context_vwap_stack_above_24h_vwap,htf_context_vwap_stack_vwap_compression,htf_context_key_levels_nearest_above_type,htf_context_key_levels_nearest_above_dist_usd,htf_context_key_levels_nearest_below_type,htf_context_key_levels_nearest_below_dist_usd,htf_context_key_levels_inside_value_area,polymarket_implied_prob_up,polymarket_yes_book_best_bid,polymarket_yes_book_best_ask,polymarket_yes_book_depth_usd_2c,polymarket_sharp_flow_flag,polymarket_model_vs_market_edge,empirical_prior_lookback_days,empirical_prior_bucket,empirical_prior_hold_rate,empirical_prior_n_samples,empirical_prior_hold_rate_minute11_same_bucket,empirical_prior_bucket_computed_at,ensemble_p_up,ensemble_conviction_tier,ensemble_tier_definition_high,ensemble_tier_definition_med,ensemble_tier_definition_low,ensemble_signal_agreement_count,ensemble_disagreement_index,ensemble_dominant_factors,ensemble_polymarket_edge_pct,outcome
f57abaab-465c-4885-8d0d-c65fa2771cb4,2026-06-15 20:31:00.488108+00,2026-06-15 20:30:00 UTC,btc-updown-5m-1781555400,1,2026-06-15 20:30:00 UTC,14,0.2,TRUE,TRUE,TRUE,TRUE,FALSE,66578,66637.99,66637.99,66577.99,60,1,1.862,121,0.498,1,0.867,0,11231230,27236703,0.412,0,0,0,14039037,99,FALSE,200816,200816,451220,,,1,0,63790,buy,0.75,15.506,FALSE,,0,0,-27.24,5.49,1903051,none,0.002,neutral,-0.00003955,,,,,66650,66600,-27.29,14.486,0,FALSE,up,44.427,3.245,TRUE,TRUE,1.391,poc_4h,199.51,round_66500,137.99,FALSE,0.745,0.74,0.75,1556,,7.1,30,cushion_>1.5atr__cvd3m_confirming__min1,0.7063,290,0.9446,1.78E+12,0.8159,HIGH,>=0.72 or <=0.28,0.60-0.72,<0.60,5_of_7,0.29,"[""tape_sweeps"",""flaa_asymmetry"",""candle_cushion""]",7.1,up
125ebff7-1c7b-464b-96e3-753513bc869e,2026-06-15 14:46:00.015+00,2026-06-15 14:45:00 UTC,btc-updown-5m-1781534700,1,2026-06-15 14:45:00 UTC,14,0.3,TRUE,TRUE,TRUE,TRUE,FALSE,66536.09,66590,66594.71,66536.09,54,1,1.175,172,0.314,0.92,0.951,0,9061101,19551926,0.463,0,0,0,11326376,99,FALSE,241320,241320,1059059,,,6,0,313588,buy,1.11,3.141,FALSE,,0,500610,-29.44,10.51,2110929,none,0.001,neutral,-0.00005938,,,,,66600,66500,-45.33,7.302,1,TRUE,up,45.116,4.408,TRUE,TRUE,2.273,day_high,359.22,round_66500,90,FALSE,0.675,0.67,0.68,1755,,11.6,30,cushion_1.0-1.5atr__cvd3m_confirming__min1,0.6551,249,0.784,1.78E+12,0.7914,HIGH,>=0.72 or <=0.28,0.60-0.72,<0.60,6_of_7,0.14,"[""tape_sweeps"",""flaa_asymmetry"",""cross_venue_flow""]",11.6,up
5df433ce-79f2-4e1f-94f8-f84594e1c41d,2026-06-15 15:31:00.014+00,2026-06-15 15:30:00 UTC,btc-updown-5m-1781537400,1,2026-06-15 15:30:00 UTC,14,0.3,TRUE,TRUE,TRUE,TRUE,FALSE,66658,66695.99,66695.99,66630,38,1,1.195,119,0.319,1,0.381,-28,4755974,13724832,0.347,0,0,0,5944967,6.535,FALSE,-28000,-28000,-3262,,,2,0,120213,buy,1.2,44.905,FALSE,,0,170941,-36.64,4.27,-4364174,none,0.026,neutral,-0.00006273,,,,,66750,66650,-41.05,10.215,0,TRUE,up,45.684,4.477,TRUE,TRUE,2.243,day_high,253.23,poc_4h,83.49,FALSE,0.645,0.64,0.65,1156,,4.7,30,cushion_1.0-1.5atr__cvd3m_flat__min1,0.5708,81,0.7571,1.78E+12,0.6921,MED,>=0.72 or <=0.28,0.60-0.72,<0.60,6_of_7,0.14,"[""tape_sweeps"",""flaa_asymmetry"",""htf_trend""]",4.7,down
1c42f258-516c-4c78-9bf0-225d728c0260,2026-06-16 01:31:00.539658+00,2026-06-16 01:30:00 UTC,btc-updown-5m-1781573400,1,2026-06-16 01:30:00 UTC,14,0.8,TRUE,TRUE,TRUE,TRUE,FALSE,66376.67,66405.96,66405.96,66370,29,1,1.108,99,0.296,1,0.333,-7,2480826,10798478,0.23,0,0,0,3101032,99,FALSE,43098,43098,164999,,,2,0,43242,buy,0.7,9.795,FALSE,,0,0,-38.51,5.64,56881,none,0.014,neutral,-0.00002406,,,,,66450,66300,-43.63,1.255,1,TRUE,up,32.981,2.482,TRUE,TRUE,0.157,day_high,57.3,vwap_24h,42.75,TRUE,0.605,0.6,0.61,517,,16.7,30,cushion_1.0-1.5atr__cvd3m_confirming__min1,0.6527,250,0.7899,1.78E+12,0.7721,HIGH,>=0.72 or <=0.28,0.60-0.72,<0.60,6_of_7,0.14,"[""tape_sweeps"",""flaa_asymmetry"",""cross_venue_flow""]",16.7,up
3da71d42-712f-4f93-87fb-d94e6ab11c37,2026-06-16 00:46:00.510169+00,2026-06-16 00:45:00 UTC,btc-updown-5m-1781570700,1,2026-06-16 00:45:00 UTC,14,1.9,TRUE,TRUE,TRUE,TRUE,FALSE,66414.53,66413.67,66414.53,66392.87,1,-1,0.026,123,0.007,0.96,0,0,311173,339339,0.917,0,0,0,388967,0.382,FALSE,417049,417049,500769,,,1,0,372444,buy,1.1,6.472,FALSE,,0,539264,-36.12,0.78,5333744,none,0.001,neutral,-0.0000141,,,,,66450,66300,-40.39,4.333,1,TRUE,up,35.084,2.513,TRUE,TRUE,0.068,day_high,49.59,session_vwap,60.24,TRUE,0.475,0.47,0.48,690,,18.8,30,cushion_<0.5atr__cvd3m_diverging__min1,0.5352,344,0.5301,1.78E+12,0.663,MED,>=0.72 or <=0.28,0.60-0.72,<0.60,5_of_7,0.29,"[""tape_sweeps"",""cross_venue_flow"",""htf_trend""]",18.8,down
9a2af774-7b6e-4c34-8b87-ec2ffe656d97,2026-06-16 12:16:00.506029+00,2026-06-16 12:15:00 UTC,btc-updown-5m-1781612100,1,2026-06-16 12:15:00 UTC,14,0.5,TRUE,TRUE,TRUE,TRUE,FALSE,66556.53,66622,66635.86,66556.53,65,1,1.75,140,0.468,0.825,0.979,0,10677219,24014745,0.445,0,0,0,13346524,99,FALSE,1016303,1016303,1535698,,,9,6,348382,buy,0.6,4.474,FALSE,,0,441513,-33.94,4.28,2643620,none,0.013,neutral,-0.00001518,,,,,66650,66600,-49.99,4.54,1,FALSE,up,23.256,2.106,TRUE,TRUE,1.524,day_high,370,poc_4h,9.5,TRUE,0.705,0.7,0.71,338,,6.6,30,cushion_>1.5atr__cvd3m_confirming__min1,0.7028,293,0.9437,1.78E+12,0.7705,HIGH,>=0.72 or <=0.28,0.60-0.72,<0.60,6_of_7,0.14,"[""flaa_asymmetry"",""candle_cushion"",""htf_trend""]",6.6,up
30de05f3-9eac-4125-8a7f-d8be5edde604,2026-06-15 15:01:00.018+00,2026-06-15 15:00:00 UTC,btc-updown-5m-1781535600,1,2026-06-15 15:00:00 UTC,14,0.5,TRUE,TRUE,TRUE,TRUE,FALSE,66591.54,66648,66648,66580.42,56,1,1.643,129,0.439,1,0.867,-11,8538731,20824393,0.41,0,0,0,10673413,99,FALSE,653726,653726,1641423,,,8,3,539226,buy,0.9,0.76,FALSE,,0,911005,-36.74,-2.06,7135022,none,0.007,neutral,-0.00005825,,,,,66650,66600,-41.53,4.629,0,FALSE,up,45.116,4.178,TRUE,TRUE,2.269,day_high,301.22,round_66500,148,FALSE,0.685,0.68,0.69,1468,,4.2,30,cushion_>1.5atr__cvd3m_confirming__min1,0.7009,291,0.944,1.78E+12,0.7272,HIGH,>=0.72 or <=0.28,0.60-0.72,<0.60,4_of_7,0.43,"[""flaa_asymmetry"",""tape_sweeps"",""candle_cushion""]",4.2,up
0054523b-d70b-4bf9-81ef-32db97f1ba13,2026-06-15 13:16:00.016+00,2026-06-15 13:15:00 UTC,btc-updown-5m-1781529300,1,2026-06-15 13:15:00 UTC,14,0.3,TRUE,TRUE,TRUE,TRUE,FALSE,66618.66,66679.65,66683.68,66600,61,1,1.042,219,0.278,0.952,0.18,-19,5945500,24705594,0.241,0,0,0,7431875,1.376,FALSE,1222835,1218667,1505866,,,5,2,405605,buy,0.83,1.666,FALSE,,0,178343,-33.51,-0.26,-15471315,none,0.069,new_longs,-0.0000622,,,,,66750,66650,-39.74,-0.172,1,FALSE,up,43.691,4.966,TRUE,TRUE,2.93,day_high,19.7,round_66500,179.65,FALSE,0.575,0.57,0.58,429,,15.1,30,cushion_1.0-1.5atr__cvd3m_confirming__min1,0.6551,249,0.784,1.78E+12,0.7257,HIGH,>=0.72 or <=0.28,0.60-0.72,<0.60,6_of_7,0.14,"[""flaa_asymmetry"",""tape_sweeps"",""perp_new_longs""]",15.1,up
e6065b30-be3a-4846-a5f1-eacadb4e8632,2026-06-15 19:16:00.524861+00,2026-06-15 19:15:00 UTC,btc-updown-5m-1781550900,1,2026-06-15 19:15:00 UTC,14,0.6,TRUE,TRUE,TRUE,TRUE,FALSE,66853.99,66886.01,66889.85,66853.99,32,1,1.168,103,0.312,0.893,0.867,0,2024195,13349471,0.152,0,0,0,2530244,99,FALSE,33364,33364,-307208,,,3,1,72202,buy,0.52,1.262,FALSE,,0,0,-42.65,-12.71,1900466,none,0.004,neutral,-0.00005182,,,,,66900,66850,-25.19,-2.551,0,FALSE,up,46.38,4.1,TRUE,TRUE,1.583,round_67000,113.99,poc_4h,48.51,FALSE,0.605,0.6,0.61,1013,,3.6,30,cushion_1.0-1.5atr__cvd3m_diverging__min1,0.6429,108,0.737,1.78E+12,0.6407,MED,>=0.72 or <=0.28,0.60-0.72,<0.60,4_of_7,0.43,"[""flaa_asymmetry"",""tape_sweeps"",""htf_trend""]",3.6,down
fd4b520e-e629-4f07-a712-9498b021655f,2026-06-15 16:31:00.017+00,2026-06-15 16:30:00 UTC,btc-updown-5m-1781541000,1,2026-06-15 16:30:00 UTC,14,1.1,TRUE,TRUE,TRUE,TRUE,FALSE,67186,67234,67234,67186,48,1,1.013,177,0.271,1,1,0,6725652,19178858,0.351,0,0,0,8407064,6.384,FALSE,109318,109318,-399983,,,2,1,126381,sell,1.17,12.088,FALSE,,0,-126904,-34.64,6.71,-746396,none,0.013,neutral,-0.0000676,,,,,67400,67150,-33.18,7.935,0,TRUE,up,46.919,5.318,TRUE,TRUE,2.015,day_high,58.15,round_67000,234,FALSE,0.645,0.64,0.65,1319,,6.9,30,cushion_1.0-1.5atr__cvd3m_diverging__min1,0.6504,108,0.737,1.78E+12,0.7143,MED,>=0.72 or <=0.28,0.60-0.72,<0.60,6_of_7,0.14,"[""flaa_asymmetry"",""htf_trend"",""tape_sweeps""]",6.9,up
3f5fd7dd-07c4-4b00-9319-8cbafafa0bd2,2026-06-16 17:01:00.476389+00,2026-06-16 17:00:00 UTC,btc-updown-5m-1781629200,1,2026-06-16 17:00:00 UTC,14,0.3,TRUE,TRUE,TRUE,TRUE,FALSE,65758.07,65796,65796,65758.07,38,1,1.159,122,0.31,1,0.977,0,7965137,13525358,0.589,0,0,0,9956421,99,FALSE,-216605,-216605,-875966,,,1,1,25450,sell,0.64,1.46,FALSE,,0,-801839,-23.35,0.96,4338197,none,-0.004,neutral,0.00002608,,,,,65850,65500,-62.71,-1.203,-1,FALSE,down,21.163,-0.085,FALSE,FALSE,0.031,round_66000,204,poc_4h,58.5,TRUE,0.635,0.63,0.64,1257,,-1.3,30,cushion_1.0-1.5atr__cvd3m_diverging__min1,0.646,112,0.7305,1.78E+12,0.6218,MED,>=0.72 or <=0.28,0.60-0.72,<0.60,3_of_7,0.57,"[""flaa_asymmetry"",""candle_cushion"",""perp_basis""]",-1.3,down
b34922dd-9013-4f3e-b945-c372132d83f6,2026-06-16 12:01:00.524453+00,2026-06-16 12:00:00 UTC,btc-updown-5m-1781611200,1,2026-06-16 12:00:00 UTC,14,0.3,TRUE,TRUE,TRUE,TRUE,FALSE,66481.73,66484,66490.98,66446.73,2,1,0.087,98,0.023,0.842,0.238,-35,17447,631500,0.028,0,0,0,21809,99,FALSE,106360,106360,1122764,,,5,0,140286,buy,0.36,1.904,FALSE,,0,503350,-30.04,0.25,15246625,none,0,neutral,-0.00001541,,,,,66500,66450,-48.64,-0.989,1,FALSE,up,23.759,1.745,TRUE,FALSE,1.53,round_66500,16,prior_day_close,155.26,TRUE,0.515,0.51,0.52,634,,10.7,30,cushion_<0.5atr__cvd3m_confirming__min1,0.5429,453,0.6147,1.78E+12,0.6215,MED,>=0.72 or <=0.28,0.60-0.72,<0.60,6_of_7,0.14,"[""tape_sweeps"",""flaa_asymmetry"",""htf_trend""]",10.7,down
8e578e24-05c4-404b-9272-ba969e2f5007,2026-06-16 13:31:00.46352+00,2026-06-16 13:30:00 UTC,btc-updown-5m-1781616600,1,2026-06-16 13:30:00 UTC,14,0.5,TRUE,TRUE,TRUE,TRUE,FALSE,66019.2,66119.99,66132,66014.48,101,1,1.782,212,0.476,0.898,1,-5,26180844,41833170,0.626,0,0,0,32726055,99,FALSE,-95735,-95735,-1235478,,,3,11,150690,sell,0.74,0.202,FALSE,,0,-125626,-25.24,7.93,4679045,none,0.002,neutral,-0.00003056,,,,,66150,65850,-60.14,4.668,-1,FALSE,up,23.243,0.74,FALSE,FALSE,1.135,session_vwap,157.15,round_66000,119.99,TRUE,0.695,0.69,0.7,1276,,-8.7,30,cushion_>1.5atr__cvd3m_diverging__min1,0.6343,83,0.9127,1.78E+12,0.6081,MED,>=0.72 or <=0.28,0.60-0.72,<0.60,4_of_7,0.43,"[""tape_sweeps"",""candle_cushion"",""flaa_asymmetry""]",-8.7,down
4fc40ba8-b559-457b-9493-bae360a521e5,2026-06-16 15:31:00.475872+00,2026-06-16 15:30:00 UTC,btc-updown-5m-1781623800,1,2026-06-16 15:30:00 UTC,14,0.6,TRUE,TRUE,TRUE,TRUE,FALSE,65814.01,65889.99,65890,65814,76,1,1.32,215,0.353,1,0.953,0,13883143,28149533,0.493,0,0,0,17353929,99,FALSE,88705,89642,254223,,,4,3,83356,sell,1,35.289,FALSE,,0,0,-20.04,9.91,2835359,none,0.004,neutral,-0.00000971,,,,,66150,65850,-55,-2.957,1,FALSE,up,21.433,0.134,FALSE,FALSE,0.022,round_66000,110.01,poc_4h,152.49,FALSE,0.695,0.69,0.7,1191,,1.5,30,cushion_1.0-1.5atr__cvd3m_confirming__min1,0.6465,248,0.7807,1.78E+12,0.7099,MED,>=0.72 or <=0.28,0.60-0.72,<0.60,6_of_7,0.14,"[""flaa_asymmetry"",""candle_cushion"",""perp_basis""]",1.5,up
35b9ccef-dbbc-4dcd-a846-f271b4e7faf6,2026-06-16 17:46:00.546227+00,2026-06-16 17:45:00 UTC,btc-updown-5m-1781631900,1,2026-06-16 17:45:00 UTC,14,1.7,TRUE,TRUE,TRUE,TRUE,FALSE,65750.92,65785.12,65788,65740,34,1,1.169,109,0.312,0.94,0.8,-11,3063262,12121208,0.253,0,0,0,3829077,99,FALSE,84301,84343,459557,,,6,0,70484,buy,1.31,8.387,FALSE,,0,0,-27.86,1.82,1142029,none,0,neutral,0.00004064,,,,,65850,65500,-56.66,1.746,0,FALSE,down,20.913,-0.106,FALSE,FALSE,0.036,round_66000,214.88,poc_4h,47.62,TRUE,0.615,0.61,0.62,671,,8.3,30,cushion_1.0-1.5atr__cvd3m_confirming__min1,0.6478,249,0.7807,1.78E+12,0.6977,MED,>=0.72 or <=0.28,0.60-0.72,<0.60,4_of_7,0.43,"[""tape_sweeps"",""flaa_asymmetry"",""candle_cushion""]",8.3,up
7beadb11-f0e4-40c3-b351-45d4401642cf,2026-06-15 22:01:00.549972+00,2026-06-15 22:00:00 UTC,btc-updown-5m-1781560800,1,2026-06-15 22:00:00 UTC,14,0.6,TRUE,TRUE,TRUE,TRUE,FALSE,66368.15,66398.08,66415.93,66368.14,30,1,1.273,88,0.34,0.626,0.795,0,1353015,10570764,0.128,0,0,0,1691269,99,FALSE,1485152,1485152,1726665,,,1,1,39899,sell,0.24,0.312,FALSE,,0,403565,-36.13,1.49,-2997604,none,-0.002,neutral,-0.00002675,,,,,66450,66300,-34.5,-1.951,1,FALSE,up,42.614,2.356,TRUE,TRUE,0.667,round_66500,101.92,session_vwap,87.32,TRUE,0.625,0.62,0.63,475,,5.3,30,cushion_1.0-1.5atr__cvd3m_confirming__min1,0.6564,250,0.7899,1.78E+12,0.6782,MED,>=0.72 or <=0.28,0.60-0.72,<0.60,5_of_7,0.29,"[""flaa_asymmetry"",""candle_cushion"",""htf_trend""]",5.3,up
60bcc33b-8bb8-4ce0-9483-6b999b1a0d31,2026-06-15 19:31:00.453262+00,2026-06-15 19:30:00 UTC,btc-updown-5m-1781551800,1,2026-06-15 19:30:00 UTC,14,0.4,TRUE,TRUE,TRUE,TRUE,FALSE,66530.54,66580,66580,66530,49,1,0.787,235,0.21,1,0.889,-1,6814704,17486956,0.39,0,0,0,8518379,7.772,FALSE,173583,173583,-863204,,,4,5,246319,sell,1.13,5.865,FALSE,,0,36211,-30.04,4,382431,none,0.017,neutral,-0.00005366,,,,,66600,66500,-32.12,8.549,0,TRUE,up,46.38,3.319,TRUE,TRUE,1.374,poc_4h,257.5,round_66500,80,FALSE,0.655,0.65,0.66,1709,,-1.3,30,cushion_0.5-1.0atr__cvd3m_diverging__min1,0.6167,232,0.6701,1.78E+12,0.6422,MED,>=0.72 or <=0.28,0.60-0.72,<0.60,5_of_7,0.29,"[""flaa_asymmetry"",""htf_trend"",""perp_basis""]",-1.3,up
c1677181-d7a4-45b3-a0fc-443246191451,2026-06-16 02:31:00.446873+00,2026-06-16 02:30:00 UTC,btc-updown-5m-1781577000,1,2026-06-16 02:30:00 UTC,14,0.2,TRUE,TRUE,TRUE,TRUE,FALSE,65776.01,65825.95,65825.95,65750.57,50,1,0.997,188,0.266,1,0.815,-25,4493458,21458077,0.209,0,0,0,5616823,1.519,FALSE,-1878855,-1878855,-3413642,,,3,1,729993,buy,1.47,0.239,TRUE,buy,0.023,-1548231,-32.7,10.87,-37440505,none,0.021,neutral,-0.00004218,,,,,65850,65450,-36.96,3.194,-1,FALSE,up,31.029,0.809,FALSE,FALSE,0.907,round_66000,174.05,day_low,75.38,FALSE,0.675,0.67,0.68,457,,-3.6,30,cushion_0.5-1.0atr__cvd3m_diverging__min1,0.6221,233,0.6702,1.78E+12,0.6387,MED,>=0.72 or <=0.28,0.60-0.72,<0.60,5_of_7,0.29,"[""flaa_asymmetry"",""htf_trend"",""perp_basis""]",-3.6,up
68aab905-e86e-409f-a357-1f5ad29ebf07,2026-06-15 18:16:00.671667+00,2026-06-15 18:15:00 UTC,btc-updown-5m-1781547300,1,2026-06-15 18:15:00 UTC,14,0.3,TRUE,TRUE,TRUE,TRUE,FALSE,66804,66830,66830,66800.52,26,1,0.637,153,0.17,1,0.738,-3,2173481,11088212,0.196,0,0,0,2716851,99,FALSE,155464,155464,640371,,,2,0,89781,buy,0.71,11.225,FALSE,,0,0,-32.94,-0.55,-1739172,none,-0.004,neutral,-0.0000612,,,,,66850,66800,-30.79,-0.87,1,FALSE,up,47.191,3.977,TRUE,TRUE,1.514,round_67000,170,round_66500,330,FALSE,0.575,0.57,0.58,1150,,5.3,30,cushion_0.5-1.0atr__cvd3m_confirming__min1,0.5756,332,0.6698,1.78E+12,0.6278,MED,>=0.72 or <=0.28,0.60-0.72,<0.60,5_of_7,0.29,"[""tape_sweeps"",""flaa_asymmetry"",""htf_trend""]",5.3,up
81f9a2e0-1b36-4900-8ec4-df4e25d7d100,2026-06-16 01:01:00.489626+00,2026-06-16 01:00:00 UTC,btc-updown-5m-1781571600,1,2026-06-16 01:00:00 UTC,14,0.4,TRUE,TRUE,TRUE,TRUE,FALSE,66250,66266.01,66280,66248.93,16,1,0.511,117,0.137,0.55,0.698,-1,1324883,5186789,0.255,0,0,0,1656104,12.741,FALSE,-15783,-15783,-528509,,,1,1,269740,sell,0.8,0.752,TRUE,buy,0.181,-253096,-38.65,6.9,-3347152,none,-0.007,neutral,-0.0000213,,,,,66300,66200,-42.92,-2.08,0,FALSE,up,35.084,2.183,FALSE,FALSE,0.074,prior_day_close,62.73,day_low,24.01,TRUE,0.625,0.62,0.63,343,,-0.1,30,cushion_0.5-1.0atr__cvd3m_diverging__min1,0.6182,233,0.6678,1.78E+12,0.6239,MED,>=0.72 or <=0.28,0.60-0.72,<0.60,5_of_7,0.29,"[""flaa_asymmetry"",""htf_trend"",""perp_basis""]",-0.1,up
5d4e55a4-3cda-462b-9d09-294bbcc58420,2026-06-15 17:31:00.017+00,2026-06-15 17:30:00 UTC,btc-updown-5m-1781544600,1,2026-06-15 17:30:00 UTC,14,0.2,TRUE,TRUE,TRUE,TRUE,FALSE,66818,66844,66844,66788,26,1,0.515,189,0.138,1,0.319,-30,1372056,8878422,0.155,0,0,0,1715070,0.891,FALSE,-134064,-134064,-1110680,,,2,3,269501,sell,1.19,1.101,FALSE,,0,-56255,-31.74,5.91,-2322465,none,-0.009,neutral,-0.00006843,,,,,66850,66800,-30.13,5.117,0,TRUE,up,48.065,4.313,TRUE,TRUE,1.697,round_67000,156,round_66500,344,FALSE,0.615,0.61,0.62,1115,,-1.4,30,cushion_0.5-1.0atr__cvd3m_diverging__min1,0.6137,230,0.6747,1.78E+12,0.6014,MED,>=0.72 or <=0.28,0.60-0.72,<0.60,5_of_7,0.29,"[""flaa_asymmetry"",""htf_trend"",""perp_basis""]",-1.4,down
a2b1adb1-1719-40c8-91db-e6e50d26bcbe,2026-06-16 14:46:00.523566+00,2026-06-16 14:45:00 UTC,btc-updown-5m-1781621100,1,2026-06-16 14:45:00 UTC,14,1.6,TRUE,TRUE,TRUE,TRUE,FALSE,65689.58,65748,65780,65686.67,58,1,0.742,295,0.198,0.657,0.978,-3,6539981,23771588,0.275,0,0,0,8174977,99,FALSE,251097,251097,88026,,,2,0,120585,buy,1.25,28.681,FALSE,,0,0,-31.86,-5.72,-420752,none,0.012,neutral,-0.00002518,,,,,65850,65500,-59.63,-3.224,1,FALSE,down,21.723,-0.225,FALSE,FALSE,0.972,round_66000,252,round_65500,248,FALSE,0.615,0.61,0.62,1145,,-4.4,30,cushion_0.5-1.0atr__cvd3m_flat__min1,0.5682,217,0.6516,1.78E+12,0.5713,LOW,>=0.72 or <=0.28,0.60-0.72,<0.60,4_of_7,0.43,"[""tape_sweeps"",""flaa_asymmetry"",""perp_basis""]",-4.4,down
a8984bde-32af-4e81-8393-0f17fbafdffe,2026-06-16 15:16:00.539996+00,2026-06-16 15:15:00 UTC,btc-updown-5m-1781622900,1,2026-06-16 15:15:00 UTC,14,0.3,TRUE,TRUE,TRUE,TRUE,FALSE,65858.05,65901.29,65905.53,65858.05,43,1,0.703,230,0.188,0.911,0.977,0,4930081,14664438,0.336,0,0,0,6162602,99,FALSE,172034,172034,94228,,,1,2,131180,sell,0.17,42.562,FALSE,,0,-131008,-25.84,1.55,-1388058,none,0.008,neutral,-0.00001486,,,,,66150,65850,-55.04,-3.733,1,FALSE,up,21.433,0.16,FALSE,FALSE,0.021,round_66000,98.71,round_65500,401.29,FALSE,0.605,0.6,0.61,975,,-4.6,30,cushion_0.5-1.0atr__cvd3m_flat__min1,0.5658,218,0.6516,1.78E+12,0.5585,LOW,>=0.72 or <=0.28,0.60-0.72,<0.60,5_of_7,0.29,"[""flaa_asymmetry"",""tape_sweeps"",""perp_basis""]",-4.6,down
b2c21f1f-8efb-4e85-b082-2813dfbd9eec,2026-06-15 23:46:00.506517+00,2026-06-15 23:45:00 UTC,btc-updown-5m-1781567100,1,2026-06-15 23:45:00 UTC,14,0.7,TRUE,TRUE,TRUE,TRUE,FALSE,66269.52,66278,66285.99,66246.13,8,1,0.264,120,0.071,0.8,0.275,-23,949813,1918768,0.495,0,0,0,1187266,99,FALSE,34946,34946,246327,,,3,0,47612,buy,1.55,15.848,FALSE,,0,0,-27.24,-0.88,3439161,none,-0.006,neutral,-0.00000586,,,,,66300,66200,-41.99,-3.736,1,FALSE,up,37.637,2.186,FALSE,FALSE,0.025,vwap_24h,25.87,round_66000,278,TRUE,0.565,0.56,0.57,285,,4.5,30,cushion_<0.5atr__cvd3m_confirming__min1,0.5359,448,0.6124,1.78E+12,0.6095,MED,>=0.72 or <=0.28,0.60-0.72,<0.60,5_of_7,0.29,"[""tape_sweeps"",""flaa_asymmetry"",""htf_trend""]",4.5,up
fd9f45b8-9b88-4156-8274-de07230b481e,2026-06-16 02:16:00.523986+00,2026-06-16 02:15:00 UTC,btc-updown-5m-1781576100,1,2026-06-16 02:15:00 UTC,14,1.2,TRUE,TRUE,TRUE,TRUE,FALSE,66065.07,66090,66092,66065.07,25,1,0.62,150,0.166,0.926,1,0,2137418,9301836,0.23,0,0,0,2671773,0.668,FALSE,7656,7656,-13171,,,1,1,473041,buy,1.22,93.223,FALSE,,0,399297,-29.74,4.24,-41761244,none,0.008,neutral,-0.00003873,,,,,66150,65850,-39.75,-3.152,-1,FALSE,up,31.029,1.572,FALSE,FALSE,0.543,poc_4h,197.5,day_low,56.48,TRUE,0.625,0.62,0.63,749,,-7.8,30,cushion_0.5-1.0atr__cvd3m_flat__min1,0.5622,216,0.6405,1.78E+12,0.5467,LOW,>=0.72 or <=0.28,0.60-0.72,<0.60,4_of_7,0.43,"[""flaa_asymmetry"",""htf_trend"",""perp_basis""]",-7.8,down
c62cc5dc-fac1-4e9e-95bd-ceefe5140cdd,2026-06-15 18:46:00.455211+00,2026-06-15 18:45:00 UTC,btc-updown-5m-1781549100,1,2026-06-15 18:45:00 UTC,14,0.3,TRUE,TRUE,TRUE,TRUE,FALSE,66803.45,66828.01,66838,66803.45,25,1,0.765,120,0.204,0.711,0.929,0,2012352,9178550,0.219,0,0,0,2515440,99,FALSE,70572,70572,-111049,,,3,2,49936,sell,1.35,13.239,FALSE,,0,-113819,-29.46,8.95,449843,none,0.002,neutral,-0.000057,,,,,66850,66800,-31.39,2.505,0,TRUE,up,47.191,3.972,TRUE,TRUE,1.579,round_67000,171.99,round_66500,328.01,FALSE,0.625,0.62,0.63,925,,-2.3,30,cushion_0.5-1.0atr__cvd3m_flat__min1,0.5628,214,0.6382,1.78E+12,0.602,MED,>=0.72 or <=0.28,0.60-0.72,<0.60,6_of_7,0.14,"[""flaa_asymmetry"",""htf_trend"",""perp_basis""]",-2.3,up
a989531a-b908-4088-ac5d-059b5d1d921f,2026-06-15 15:46:00.016+00,2026-06-15 15:45:00 UTC,btc-updown-5m-1781538300,1,2026-06-15 15:45:00 UTC,14,0.3,TRUE,TRUE,TRUE,TRUE,FALSE,66910.03,66959.65,66994.4,66910.03,50,1,0.961,193,0.257,0.588,0.979,0,7275812,46676487,0.156,0,0,0,9094765,99,FALSE,510537,510537,1050164,,,5,2,217722,buy,1.19,3.035,FALSE,,0,399906,-38.29,-1.61,25230277,none,0.024,neutral,-0.00006151,,,,,67000,66950,-37.8,1.982,1,TRUE,up,45.684,5.165,TRUE,TRUE,2.124,day_high,34.75,poc_4h,347.15,FALSE,0.605,0.6,0.61,257,,-1,30,cushion_0.5-1.0atr__cvd3m_confirming__min1,0.5768,333,0.6698,1.78E+12,0.5949,LOW,>=0.72 or <=0.28,0.60-0.72,<0.60,5_of_7,0.29,"[""flaa_asymmetry"",""tape_sweeps"",""cross_venue_flow""]",-1,up
527e52bf-4e75-49bd-8c2e-6dd3ce94177b,2026-06-16 12:31:00.513636+00,2026-06-16 12:30:00 UTC,btc-updown-5m-1781613000,1,2026-06-16 12:30:00 UTC,14,0.2,TRUE,TRUE,TRUE,TRUE,FALSE,66582.59,66608.05,66621.4,66564.82,25,1,0.69,138,0.184,0.764,0.273,-18,2480783,9501301,0.261,0,0,0,3100979,99,FALSE,331191,331191,318659,,,1,1,42888,buy,1.37,5.115,FALSE,,0,138473,-36.02,0.11,-2587362,none,0.003,neutral,-0.0000162,,,,,66650,66600,-51.51,0.566,1,FALSE,up,23.256,2.07,TRUE,TRUE,1.533,poc_4h,4.45,vwap_24h,79.17,TRUE,0.605,0.6,0.61,565,,-1.3,30,cushion_0.5-1.0atr__cvd3m_confirming__min1,0.572,336,0.672,1.78E+12,0.5917,LOW,>=0.72 or <=0.28,0.60-0.72,<0.60,5_of_7,0.29,"[""flaa_asymmetry"",""htf_trend"",""perp_basis""]",-1.3,up
f9816304-e225-49fe-83b9-e6f7b1ee1414,2026-06-16 01:16:00.541777+00,2026-06-16 01:15:00 UTC,btc-updown-5m-1781572500,1,2026-06-16 01:15:00 UTC,14,1.2,TRUE,TRUE,TRUE,TRUE,FALSE,66285.14,66290,66290,66280,5,1,0.175,104,0.047,1,0.222,-5,836761,1718985,0.487,0,0,0,1045951,6.899,FALSE,-863,-863,-125617,,,0,0,,,,1.054,FALSE,,0,0,-32.64,-0.09,-1124471,none,-0.006,neutral,-0.00002282,,,,,66300,66200,-43.19,2.46,0,TRUE,up,32.981,2.16,FALSE,FALSE,0.04,prior_day_close,38.74,day_low,48,TRUE,0.525,0.52,0.53,699,,-1.3,30,cushion_<0.5atr__cvd3m_flat__min1,0.5398,289,0.5233,1.78E+12,0.512,LOW,>=0.72 or <=0.28,0.60-0.72,<0.60,4_of_7,0.43,"[""flaa_asymmetry"",""htf_trend"",""perp_basis""]",-1.3,down
6a8f11c0-ce44-4985-a1d9-1326613628b1,2026-06-15 22:16:00.527962+00,2026-06-15 22:15:00 UTC,btc-updown-5m-1781561700,1,2026-06-15 22:15:00 UTC,14,1.2,TRUE,TRUE,TRUE,TRUE,FALSE,66364.01,66404.01,66412,66364.01,40,1,1.523,98,0.407,0.834,0.974,0,2713413,14126343,0.192,0,0,0,3391766,1.222,FALSE,130181,130181,-175207,,,2,4,89254,buy,0.28,17.887,FALSE,,0,0,-37.26,1.6,-8349906,none,-0.006,neutral,-0.00002556,,,,,66450,66300,-35.6,2.333,-1,FALSE,up,40.386,2.611,TRUE,TRUE,0.445,poc_4h,58.49,session_vwap,92.63,TRUE,0.665,0.66,0.67,735,,-7.7,30,cushion_>1.5atr__cvd3m_diverging__min1,0.6376,84,0.9125,1.78E+12,0.5879,LOW,>=0.72 or <=0.28,0.60-0.72,<0.60,4_of_7,0.43,"[""flaa_asymmetry"",""candle_cushion"",""htf_trend""]",-7.7,up
a37f3d62-cf60-4163-9cee-0ee501152d90,2026-06-16 13:01:00.654424+00,2026-06-16 13:00:00 UTC,btc-updown-5m-1781614800,1,2026-06-16 13:00:00 UTC,14,0.2,TRUE,TRUE,TRUE,TRUE,FALSE,66429.84,66432.26,66448,66425.34,2,1,0.057,159,0.015,0.305,0.535,-4,0,556253,0,0,0,0,0,0,FALSE,57006,57765,8854,,,1,1,40413,sell,1.45,68.073,FALSE,,0,0,-32.51,-1.09,1168461,none,0.01,neutral,-0.00002488,,,,,66450,66300,-53.92,-2.236,1,FALSE,up,23.256,1.555,TRUE,FALSE,1.399,round_66500,67.74,prior_day_close,103.52,TRUE,0.485,0.48,0.49,415,,-2.3,30,cushion_<0.5atr__cvd3m_flat__min1,0.545,286,0.5269,1.78E+12,0.4618,LOW,>=0.72 or <=0.28,0.60-0.72,<0.60,2_of_7,0.71,"[""flaa_asymmetry"",""htf_trend"",""perp_basis""]",-2.3,down
f290d594-808e-457e-beeb-dee3d38e0a1e,2026-06-16 14:31:00.504993+00,2026-06-16 14:30:00 UTC,btc-updown-5m-1781620200,1,2026-06-16 14:30:00 UTC,14,0.8,TRUE,TRUE,TRUE,TRUE,FALSE,65553.07,65607.99,65620,65546,55,1,0.612,336,0.163,0.838,0.962,-7,6188559,19301367,0.321,0,0,0,7735699,9.921,FALSE,538096,538096,186254,,,0,0,,,,6.678,FALSE,,0,776692,-31.44,-2.26,-2421710,none,0.019,neutral,-0.00002853,,,,,65850,65500,-55.64,-2.686,0,FALSE,down,21.723,-0.573,FALSE,FALSE,0.992,round_66000,392.01,day_low,91.99,FALSE,0.605,0.6,0.61,1173,,-14.6,30,cushion_0.5-1.0atr__cvd3m_confirming__min1,0.5704,337,0.672,1.78E+12,0.4587,LOW,>=0.72 or <=0.28,0.60-0.72,<0.60,3_of_7,0.57,"[""flaa_asymmetry"",""perp_basis"",""htf_trend""]",-14.6,down
1d72b1dd-0e5f-4c04-87d3-d4b9880f3e56,2026-06-16 02:46:00.454822+00,2026-06-16 02:45:00 UTC,btc-updown-5m-1781577900,1,2026-06-16 02:45:00 UTC,14,0.6,TRUE,TRUE,TRUE,TRUE,FALSE,65878,65883.99,65887.82,65878,6,1,0.15,150,0.04,0.61,0.925,0,80455,1808231,0.044,0,0,0,100569,99,FALSE,-154339,-154498,-120513,,,0,0,,,,12.456,FALSE,,0,-124372,-29.04,-1.04,-291635,none,0.006,neutral,-0.00003947,,,,,66150,65850,-40.16,0.245,0,FALSE,up,31.029,0.977,FALSE,FALSE,1.071,round_66000,116.01,day_low,133.42,TRUE,0.525,0.52,0.53,507,,-7.4,30,cushion_<0.5atr__cvd3m_flat__min1,0.5413,290,0.5233,1.78E+12,0.4508,LOW,>=0.72 or <=0.28,0.60-0.72,<0.60,2_of_7,0.71,"[""flaa_asymmetry"",""htf_trend"",""perp_basis""]",-7.4,down
1c73e2ea-7053-4833-bd2c-f64b4a237c18,2026-06-15 14:31:00.02+00,2026-06-15 14:30:00 UTC,btc-updown-5m-1781533800,1,2026-06-15 14:30:00 UTC,14,0.6,TRUE,TRUE,TRUE,TRUE,FALSE,66560,66537.97,66560,66496,22,-1,0.383,215,0.102,0.656,0,0,5977221,930950,6.421,0,0,0,7471526,99,FALSE,-226140,-226140,21668,,,2,1,38297,sell,1.06,30.648,FALSE,,0,0,-30.32,5.44,-2225256,none,0.002,neutral,-0.00005988,,,,,66600,66500,-45.72,4.171,1,TRUE,up,45.116,4.272,TRUE,TRUE,2.387,day_high,411.25,round_66500,37.97,FALSE,0.445,0.44,0.45,845,,0,30,cushion_<0.5atr__cvd3m_flat__min1,0.5413,290,0.5192,1.78E+12,0.4453,LOW,>=0.72 or <=0.28,0.60-0.72,<0.60,3_of_7,0.57,"[""flaa_asymmetry"",""cross_venue_flow"",""htf_trend""]",0,down
bb1904e5-f8f1-4a80-8b26-4e536c7fe307,2026-06-15 23:01:00.563604+00,2026-06-15 23:00:00 UTC,btc-updown-5m-1781564400,1,2026-06-15 23:00:00 UTC,14,0.1,TRUE,TRUE,TRUE,TRUE,FALSE,66206.34,66206.26,66223.99,66206,0,-1,0.002,162,0,0.014,0.75,-18,98,51229,0.002,0,0,0,122,0,FALSE,-97295,-97295,89291,,,1,2,238578,buy,0.79,6.34,FALSE,,0,0,-31.61,-3.26,3562685,none,-0.003,neutral,-0.00001823,,,,,66300,66200,-42.89,1.479,1,TRUE,up,40.386,2.009,FALSE,FALSE,0.192,vwap_24h,67.89,round_66000,206.26,TRUE,0.525,0.52,0.53,673,,3.8,30,cushion_<0.5atr__cvd3m_flat__min1,0.5418,286,0.5233,1.78E+12,0.5635,LOW,>=0.72 or <=0.28,0.60-0.72,<0.60,3_of_7,0.57,"[""flaa_asymmetry"",""cross_venue_flow"",""htf_trend""]",3.8,up
ba4e81ed-fdea-4eb9-a315-08530390cf08,2026-06-15 19:01:00.46667+00,2026-06-15 19:00:00 UTC,btc-updown-5m-1781550000,1,2026-06-15 19:00:00 UTC,14,1.8,TRUE,TRUE,TRUE,TRUE,FALSE,66766.12,66782,66782,66728,16,1,0.523,114,0.14,1,0.25,-38,995150,4197543,0.237,0,0,0,1243937,99,FALSE,55352,55360,-141158,,,3,4,107671,sell,0.9,10.023,FALSE,,0,0,-32.04,2.99,-1645857,none,0,neutral,-0.00005577,,,,,66800,66750,-27.02,0.769,0,TRUE,up,47.191,3.624,TRUE,TRUE,1.58,poc_4h,55.5,round_66500,282,FALSE,0.565,0.56,0.57,960,,-0.3,30,cushion_0.5-1.0atr__cvd3m_flat__min1,0.5604,215,0.6382,1.78E+12,0.5618,LOW,>=0.72 or <=0.28,0.60-0.72,<0.60,5_of_7,0.29,"[""flaa_asymmetry"",""htf_trend"",""perp_basis""]",-0.3,up
9b6cd1c9-174c-4782-8cfd-ee26b2fa3d28,2026-06-16 14:16:00.5239+00,2026-06-16 14:15:00 UTC,btc-updown-5m-1781619300,1,2026-06-16 14:15:00 UTC,14,0.6,TRUE,TRUE,TRUE,TRUE,FALSE,66027.23,66054,66068,66027.23,27,1,0.443,226,0.118,0.657,0.978,0,1373517,8148389,0.169,0,0,0,1716897,5.661,FALSE,37945,37945,-1159438,,,2,3,239184,sell,0.75,0.585,FALSE,,0,-343086,-39.86,-4.5,3259756,none,0.008,neutral,-0.00002659,,,,,66150,65850,-53.64,1.944,0,FALSE,up,21.723,0.535,FALSE,FALSE,1.081,prior_day_low,22.56,round_66000,54,TRUE,0.555,0.55,0.56,998,,-11.4,30,cushion_<0.5atr__cvd3m_diverging__min1,0.5352,344,0.537,1.78E+12,0.4411,LOW,>=0.72 or <=0.28,0.60-0.72,<0.60,3_of_7,0.57,"[""flaa_asymmetry"",""perp_basis"",""htf_trend""]",-11.4,down
1cde7f4f-21d3-43af-9bca-232edf3798a4,2026-06-16 16:01:00.496125+00,2026-06-16 16:00:00 UTC,btc-updown-5m-1781625600,1,2026-06-16 16:00:00 UTC,14,0.4,TRUE,TRUE,TRUE,TRUE,FALSE,65859.76,65912,65912,65859.75,52,1,0.982,199,0.262,1,0.956,0,9864517,18422488,0.535,0,0,0,12330646,17.319,FALSE,139669,139669,-454761,,,0,1,67132,sell,0,10.437,FALSE,,0,0,-24.04,2.41,-1557503,none,0.004,neutral,0.00000246,,,,,66150,65850,-54.37,2.826,-1,FALSE,up,21.433,0.181,FALSE,FALSE,0.025,round_66000,88,poc_4h,174.5,FALSE,0.615,0.61,0.62,1779,,-6.8,30,cushion_0.5-1.0atr__cvd3m_diverging__min1,0.6245,232,0.675,1.78E+12,0.5474,LOW,>=0.72 or <=0.28,0.60-0.72,<0.60,4_of_7,0.43,"[""tape_sweeps"",""flaa_asymmetry"",""perp_basis""]",-6.8,up
547fb962-8dcd-4822-ac5b-ecea916b7366,2026-06-15 20:16:00.472474+00,2026-06-15 20:15:00 UTC,btc-updown-5m-1781554500,1,2026-06-15 20:15:00 UTC,14,1.5,TRUE,TRUE,TRUE,TRUE,FALSE,66558,66557.99,66560.01,66550.04,0,-1,0,140,0,0.797,0.778,-2,0,0,,0,0,0,0,0,,59457,59457,-57517,,,2,3,44129,sell,0.47,14.447,FALSE,,0,0,-35.67,-5.41,2045190,none,-0.001,neutral,-0.00004268,,,,,66600,66500,-31.48,-2.427,0,FALSE,up,44.427,3.046,TRUE,TRUE,1.366,poc_4h,279.51,round_66500,57.99,TRUE,0.495,0.49,0.5,798,,-5.8,30,cushion_<0.5atr__cvd3m_flat__min1,0.5401,287,0.5192,1.78E+12,0.4374,LOW,>=0.72 or <=0.28,0.60-0.72,<0.60,3_of_6,0.5,"[""htf_trend"",""perp_basis"",""tape_sweeps""]",-5.8,down
1d073452-9a97-4f4e-90b7-73a7da92f439,2026-06-15 16:46:00.02+00,2026-06-15 16:45:00 UTC,btc-updown-5m-1781541900,1,2026-06-15 16:45:00 UTC,14,0.8,TRUE,TRUE,TRUE,TRUE,FALSE,67170.68,67172.4,67214,67170.67,2,1,0.042,154,0.011,0.04,0.979,0,2796,614172,0.005,0,0,0,3495,0.001,FALSE,49920,49920,-1027149,,,4,5,104355,sell,0.96,6.392,FALSE,,0,0,-42.35,-3.3,-770409,none,0.021,neutral,-0.00007067,,,,,67400,67150,-37.51,-2.265,-1,FALSE,up,46.919,5.167,TRUE,TRUE,2.064,poc_4h,15.1,round_67000,172.4,FALSE,0.505,0.5,0.51,1077,,-9.3,30,cushion_<0.5atr__cvd3m_diverging__min1,0.5363,347,0.5296,1.78E+12,0.4119,LOW,>=0.72 or <=0.28,0.60-0.72,<0.60,4_of_7,0.43,"[""flaa_asymmetry"",""htf_trend"",""perp_basis""]",-9.3,down
dc5835fb-0278-4e1e-befb-9657c0a4eb9c,2026-06-16 14:01:00.568251+00,2026-06-16 14:00:00 UTC,btc-updown-5m-1781618400,1,2026-06-16 14:00:00 UTC,14,0.4,TRUE,TRUE,TRUE,TRUE,FALSE,66052.01,66154.01,66154.86,66052.01,102,1,1.71,223,0.457,0.992,0.978,0,19190915,47569765,0.403,0,0,0,23988644,99,FALSE,-4047,75752,-662814,,,2,8,210967,sell,0.82,9.777,FALSE,,0,183618,-37.56,-9.91,3517889,none,0.006,neutral,-0.00002687,,,,,66200,66150,-56.92,1.47,0,FALSE,up,23.243,0.794,FALSE,FALSE,1.09,session_vwap,106.08,poc_4h,16.51,TRUE,0.705,0.7,0.71,1503,,-16.2,30,cushion_>1.5atr__cvd3m_diverging__min1,0.6376,84,0.9127,1.78E+12,0.5431,LOW,>=0.72 or <=0.28,0.60-0.72,<0.60,3_of_7,0.57,"[""flaa_asymmetry"",""tape_sweeps"",""candle_cushion""]",-16.2,up
2f86cedf-70a6-4022-b664-ee94ee893cdf,2026-06-16 00:31:00.513756+00,2026-06-16 00:30:00 UTC,btc-updown-5m-1781569800,1,2026-06-16 00:30:00 UTC,14,0.2,TRUE,TRUE,TRUE,TRUE,FALSE,66248,66274,66282,66244,26,1,1.056,92,0.282,0.789,0.647,-4,2154067,7809646,0.276,0,0,0,2692583,1.826,FALSE,212046,212046,-48636,,,1,2,90271,buy,1.06,1.69,FALSE,,0,0,-38.15,1.02,-6347748,none,0.003,neutral,-0.00001443,,,,,66300,66200,-38.68,0.816,-1,FALSE,up,35.084,2.136,FALSE,FALSE,0.05,poc_4h,13.5,day_low,32,TRUE,0.605,0.6,0.61,605,,-6.4,30,cushion_1.0-1.5atr__cvd3m_flat__min1,0.588,83,0.7639,1.78E+12,0.5408,LOW,>=0.72 or <=0.28,0.60-0.72,<0.60,4_of_7,0.43,"[""flaa_asymmetry"",""htf_trend"",""tape_sweeps""]",-6.4,up
6be5ac75-ec9b-4454-a4c6-6a88e2c49560,2026-06-15 16:16:00.015+00,2026-06-15 16:15:00 UTC,btc-updown-5m-1781540100,1,2026-06-15 16:15:00 UTC,14,0.7,TRUE,TRUE,TRUE,TRUE,FALSE,67260,67230.01,67268,67226,30,-1,0.552,203,0.147,0.095,0.085,-8,9185773,1769354,5.192,0,0,0,11482216,4.119,FALSE,-602893,-602893,-4064,,,2,0,99348,buy,0.92,0.487,FALSE,,0,-547103,-42.36,-2.43,9989797,none,0.013,neutral,-0.00006263,,,,,67400,67150,-36.35,-0.559,0,FALSE,up,46.919,5.308,TRUE,TRUE,2.009,day_high,62.14,round_67000,230.01,FALSE,0.405,0.4,0.41,697,,-0.9,30,cushion_0.5-1.0atr__cvd3m_flat__min1,0.5609,213,0.6382,1.78E+12,0.3957,MED,>=0.72 or <=0.28,0.60-0.72,<0.60,4_of_7,0.43,"[""flaa_asymmetry"",""tape_sweeps"",""htf_trend""]",-0.9,down
0a8f159d-1a4b-4e74-87c1-9403b6c9f782,2026-06-15 23:16:00.501839+00,2026-06-15 23:15:00 UTC,btc-updown-5m-1781565300,1,2026-06-15 23:15:00 UTC,14,0.6,TRUE,TRUE,TRUE,TRUE,FALSE,66270.4,66255.13,66295.64,66255.13,15,-1,0.46,124,0.123,0,0.462,-25,4121802,556936,7.401,0,0,0,5152252,27.557,FALSE,-24472,-24472,14514,,,6,5,50940,buy,0.69,75.148,FALSE,,0,0,-30.29,2.17,1094203,none,-0.005,neutral,-0.0000138,,,,,66300,66200,-44.68,-2.374,0,FALSE,up,37.637,2.126,FALSE,FALSE,0.146,vwap_24h,28.12,round_66000,255.13,TRUE,0.465,0.46,0.47,388,,-7.7,30,cushion_<0.5atr__cvd3m_flat__min1,0.5401,287,0.5233,1.78E+12,0.3885,MED,>=0.72 or <=0.28,0.60-0.72,<0.60,3_of_7,0.57,"[""flaa_asymmetry"",""htf_trend"",""perp_basis""]",-7.7,down
1e5d23cd-5540-4226-a5dd-55d288158ad3,2026-06-16 13:16:00.539654+00,2026-06-16 13:15:00 UTC,btc-updown-5m-1781615700,1,2026-06-16 13:15:00 UTC,14,0.7,TRUE,TRUE,TRUE,TRUE,FALSE,66207.56,66247.29,66247.3,66193.04,40,1,0.643,231,0.172,1,0.723,-15,4315336,18556975,0.233,0,0,0,5394169,99,FALSE,-74327,-74327,-1302440,,,1,4,159468,sell,0.91,4.558,FALSE,,0,-339174,-37.54,-0.96,-8495521,none,0.011,neutral,-0.00002901,,,,,66300,66200,-53.11,0.613,0,FALSE,up,23.243,1.064,FALSE,FALSE,1.231,session_vwap,33.86,round_66000,247.29,TRUE,0.615,0.61,0.62,894,,-11.1,30,cushion_0.5-1.0atr__cvd3m_diverging__min1,0.6221,233,0.6773,1.78E+12,0.5041,LOW,>=0.72 or <=0.28,0.60-0.72,<0.60,3_of_7,0.57,"[""flaa_asymmetry"",""tape_sweeps"",""htf_trend""]",-11.1,up
a63c95d4-1222-4c35-807e-57fe8d472c80,2026-06-15 13:46:00.021+00,2026-06-15 13:45:00 UTC,btc-updown-5m-1781531100,1,2026-06-15 13:45:00 UTC,14,0.2,TRUE,TRUE,TRUE,TRUE,FALSE,66573.59,66546,66596,66516.36,28,-1,0.333,310,0.089,0.372,0.14,-22,9933291,2800737,3.547,0,0,0,12416614,99,FALSE,335730,335730,285126,,,3,0,414986,buy,0.3,7.544,FALSE,,0,318877,-29.85,5.2,-17626218,none,-0.005,neutral,-0.00006554,,,,,66600,66500,-47.58,-1.96,0,FALSE,up,43.691,4.603,TRUE,TRUE,2.539,day_high,403.22,round_66500,46,FALSE,0.445,0.44,0.45,790,,4.1,30,cushion_<0.5atr__cvd3m_diverging__min1,0.5349,348,0.5296,1.78E+12,0.4861,LOW,>=0.72 or <=0.28,0.60-0.72,<0.60,3_of_7,0.57,"[""flaa_asymmetry"",""tape_sweeps"",""htf_trend""]",4.1,up
b9f6c13a-c93d-42dd-afb1-34b4f98d7744,2026-06-15 18:01:00.017+00,2026-06-15 18:00:00 UTC,btc-updown-5m-1781546400,1,2026-06-15 18:00:00 UTC,14,0.8,TRUE,TRUE,TRUE,TRUE,FALSE,66851.8,66814.24,66855.99,66793.55,38,-1,1.071,131,0.286,0.331,0.089,-4,14413562,3949198,3.65,0,0,0,18016952,99,FALSE,-118210,-117869,13221,,,7,5,91659,buy,0.81,169.079,FALSE,,0,0,-33.59,2.17,-5605787,none,0.001,neutral,-0.00006243,,,,,66850,66800,-34.73,-0.262,1,FALSE,up,48.065,4.237,TRUE,TRUE,1.591,round_67000,185.76,round_66500,314.24,FALSE,0.395,0.39,0.4,658,,-1.9,30,cushion_1.0-1.5atr__cvd3m_flat__min1,0.5748,82,0.7571,1.78E+12,0.3757,MED,>=0.72 or <=0.28,0.60-0.72,<0.60,3_of_7,0.57,"[""flaa_asymmetry"",""htf_trend"",""perp_basis""]",-1.9,down
1e189077-3398-409a-9571-392a38c5409e,2026-06-15 23:31:00.466831+00,2026-06-15 23:30:00 UTC,btc-updown-5m-1781566200,1,2026-06-15 23:30:00 UTC,14,1.3,TRUE,TRUE,TRUE,TRUE,FALSE,66226.07,66217.93,66234,66208.8,8,-1,0.234,130,0.062,0.362,0.128,-8,1732757,339182,5.109,0,0,0,2165946,1.548,FALSE,-6485,-6485,85092,,,4,3,28455,sell,1.03,15.614,FALSE,,0,0,-24.29,-0.54,6369206,none,-0.003,neutral,-0.0000101,,,,,66300,66200,-41.54,1.093,1,TRUE,up,37.637,2.028,FALSE,FALSE,0.072,vwap_24h,78.21,round_66000,217.93,TRUE,0.475,0.47,0.48,388,,-10.1,30,cushion_<0.5atr__cvd3m_flat__min1,0.5401,287,0.5233,1.78E+12,0.374,MED,>=0.72 or <=0.28,0.60-0.72,<0.60,4_of_7,0.43,"[""flaa_asymmetry"",""cross_venue_flow"",""htf_trend""]",-10.1,down
f145f776-0b04-40e2-acf2-b43e5e1cd04b,2026-06-15 16:01:00.014+00,2026-06-15 16:00:00 UTC,btc-updown-5m-1781539200,1,2026-06-15 16:00:00 UTC,14,0.5,TRUE,TRUE,TRUE,TRUE,FALSE,67292.14,67178,67292.15,67166.56,114,-1,1.806,236,0.483,0.091,0,0,49115177,33236167,1.478,0,0,0,61393971,48.572,FALSE,-501121,-501121,-275598,,,1,0,178007,buy,1.61,18.475,FALSE,,0,-146336,-33.24,7.27,-2759945,none,-0.025,neutral,-0.00006079,,,,,67400,67150,-39.97,3.335,0,TRUE,up,45.684,5.045,TRUE,TRUE,2.005,day_high,114.15,round_67000,178,FALSE,0.255,0.25,0.26,864,,11.5,30,cushion_>1.5atr__cvd3m_confirming__min1,0.7032,290,0.9439,1.78E+12,0.3701,MED,>=0.72 or <=0.28,0.60-0.72,<0.60,3_of_7,0.57,"[""tape_sweeps"",""flaa_asymmetry"",""candle_cushion""]",11.5,down
02accb81-b44a-4ea2-82d6-46cd4fb90038,2026-06-16 01:46:00.450413+00,2026-06-16 01:45:00 UTC,btc-updown-5m-1781574300,1,2026-06-16 01:45:00 UTC,14,0.5,TRUE,TRUE,TRUE,TRUE,FALSE,66359.23,66368,66370,66359.22,9,1,0.471,70,0.126,0.814,0.6,0,662679,3684157,0.18,0,0,0,828349,99,FALSE,319028,319028,-190528,,,1,2,24555,sell,0.2,0.697,FALSE,,0,57391,-31.46,5.3,3256743,none,0,neutral,-0.00002901,,,,,66450,66300,-40.69,0.755,-1,FALSE,up,32.981,2.377,TRUE,FALSE,0.235,vwap_24h,9.65,session_vwap,27.45,TRUE,0.535,0.53,0.54,336,,-5.4,30,cushion_<0.5atr__cvd3m_diverging__min1,0.5394,343,0.5301,1.78E+12,0.4813,LOW,>=0.72 or <=0.28,0.60-0.72,<0.60,3_of_7,0.57,"[""flaa_asymmetry"",""htf_trend"",""tape_sweeps""]",-5.4,up
501972c9-d745-4ee4-ad38-3bd329578231,2026-06-16 16:16:00.484554+00,2026-06-16 16:15:00 UTC,btc-updown-5m-1781626500,1,2026-06-16 16:15:00 UTC,14,0.6,TRUE,TRUE,TRUE,TRUE,FALSE,65776.02,65786.75,65786.75,65776.01,11,1,0.298,135,0.08,1,0.976,0,592449,2411199,0.246,0,0,0,740562,0.239,FALSE,-109251,-109251,-659496,,,1,2,181913,sell,0.61,3.626,FALSE,,0,-103358,-27.79,-2.2,-5865029,none,0.018,neutral,0.00000863,,,,,65850,65500,-58.2,-1.562,-1,FALSE,down,21.163,-0.105,FALSE,FALSE,0.026,round_66000,213.25,poc_4h,49.25,TRUE,0.535,0.53,0.54,1276,,-17.2,30,cushion_<0.5atr__cvd3m_diverging__min1,0.5365,345,0.5404,1.78E+12,0.3626,MED,>=0.72 or <=0.28,0.60-0.72,<0.60,5_of_7,0.29,"[""flaa_asymmetry"",""tape_sweeps"",""perp_basis""]",-17.2,down
cecd19c9-c0b3-4100-81b2-d275cca6199a,2026-06-15 20:46:00.513247+00,2026-06-15 20:45:00 UTC,btc-updown-5m-1781556300,1,2026-06-15 20:45:00 UTC,14,0.3,TRUE,TRUE,TRUE,TRUE,FALSE,66592.02,66562,66592.02,66552,30,-1,1.02,110,0.273,0.25,0,0,10081604,2756937,3.657,0,0,0,12602005,99,FALSE,89717,89717,-11713,,,4,4,47025,buy,0.74,1225.544,FALSE,,0,0,-34.35,0.35,-4195324,none,0.002,neutral,-0.00003698,,,,,66600,66500,-31.41,4.173,0,TRUE,up,44.427,3.056,TRUE,TRUE,1.394,poc_4h,275.5,round_66500,62,TRUE,0.405,0.4,0.41,597,,-4.7,30,cushion_1.0-1.5atr__cvd3m_flat__min1,0.5787,83,0.7594,1.78E+12,0.3577,MED,>=0.72 or <=0.28,0.60-0.72,<0.60,3_of_7,0.57,"[""flaa_asymmetry"",""htf_trend"",""perp_basis""]",-4.7,down
9b11a562-1eec-4f0b-8eea-df85231ba4b2,2026-06-16 18:31:00.533081+00,2026-06-16 18:30:00 UTC,btc-updown-5m-1781634600,1,2026-06-16 18:30:00 UTC,14,0.3,TRUE,TRUE,TRUE,TRUE,FALSE,65910,65910,65929.72,65897.86,0,0,0,149,0,0.381,0.773,-20,,,,,,,,,,26658,26658,-35667,,,0,1,189879,sell,0.02,23.073,FALSE,,0,-189858,-25.24,1.6,2909554,none,0.009,neutral,0.00005055,,,,,66150,65850,-58.23,0.346,0,FALSE,up,20.48,0.181,FALSE,FALSE,0.033,round_66000,90,poc_4h,172.5,TRUE,0.505,0.5,0.51,807,,-6.3,30,cushion_<0.5atr__cvd3m_flat__min1,0.5465,287,0.5305,1.78E+12,0.442,LOW,>=0.72 or <=0.28,0.60-0.72,<0.60,1_of_6,0.83,"[""tape_sweeps"",""perp_basis"",""htf_trend""]",-6.3,up
5fb336f6-d5d0-4f71-9f07-e1a11cbec561,2026-06-16 16:31:00.555191+00,2026-06-16 16:30:00 UTC,btc-updown-5m-1781627400,1,2026-06-16 16:30:00 UTC,14,0.4,TRUE,TRUE,TRUE,TRUE,FALSE,65786,65776.04,65792,65772.69,10,-1,0.297,126,0.079,0.173,0.263,-6,2152511,526971,4.085,0,0,0,2690638,2.531,FALSE,-98743,-98743,253449,,,5,7,71934,buy,0.36,10.901,FALSE,,0,210781,-26.19,1.96,1515903,none,-0.004,neutral,0.00001436,,,,,65850,65500,-63.9,-4.053,0,FALSE,down,21.163,-0.13,FALSE,FALSE,0.028,round_66000,223.96,poc_4h,38.54,TRUE,0.465,0.46,0.47,761,,-15,30,cushion_<0.5atr__cvd3m_diverging__min1,0.5377,346,0.5404,1.78E+12,0.3153,MED,>=0.72 or <=0.28,0.60-0.72,<0.60,5_of_7,0.29,"[""flaa_asymmetry"",""perp_basis"",""htf_trend""]",-15,down
7a245174-7ac8-462f-b7d9-40494ecb9b07,2026-06-15 19:46:00.447889+00,2026-06-15 19:45:00 UTC,btc-updown-5m-1781552700,1,2026-06-15 19:45:00 UTC,14,0.3,TRUE,TRUE,TRUE,TRUE,FALSE,66721.99,66690.35,66749.95,66690.35,32,-1,0.709,167,0.19,0,0.556,-28,10229205,1406033,7.275,0,0,0,12786507,6.369,FALSE,-1136698,-1136698,-922812,,,3,2,222621,sell,0.71,0.324,TRUE,buy,0.518,-163119,-46.41,-10.08,10556558,none,-0.012,neutral,-0.00004854,,,,,66750,66650,-43.41,-7.614,0,FALSE,up,46.38,3.601,TRUE,TRUE,1.366,poc_4h,147.15,round_66500,190.35,FALSE,0.375,0.37,0.38,599,,-6.6,30,cushion_0.5-1.0atr__cvd3m_confirming__min1,0.5768,333,0.6698,1.78E+12,0.3093,MED,>=0.72 or <=0.28,0.60-0.72,<0.60,4_of_7,0.43,"[""flaa_asymmetry"",""htf_trend"",""perp_basis""]",-6.6,down
4d227ab8-9758-472a-914a-4a6c53ac8518,2026-06-16 15:01:00.549201+00,2026-06-16 15:00:00 UTC,btc-updown-5m-1781622000,1,2026-06-16 15:00:00 UTC,14,0.4,TRUE,TRUE,TRUE,TRUE,FALSE,65654.9,65665.46,65678.27,65614.3,11,1,0.156,252,0.042,0.8,0.511,-41,64891,3892753,0.017,0,0,0,81113,0.123,FALSE,55796,55796,-399761,,,3,3,54068,sell,0.68,12.568,FALSE,,0,0,-28.9,8.03,1880590,none,-0.004,neutral,-0.00002179,,,,,65850,65500,-56.17,2.29,-1,FALSE,down,21.723,-0.385,FALSE,FALSE,0.019,round_66000,334.54,round_65500,165.46,FALSE,0.535,0.53,0.54,363,,-11.3,30,cushion_<0.5atr__cvd3m_diverging__min1,0.5338,345,0.537,1.78E+12,0.4222,LOW,>=0.72 or <=0.28,0.60-0.72,<0.60,3_of_7,0.57,"[""flaa_asymmetry"",""perp_basis"",""htf_trend""]",-11.3,up
3bde9eab-90e8-440e-89cd-201e802f4b33,2026-06-15 20:01:00.614935+00,2026-06-15 20:00:00 UTC,btc-updown-5m-1781553600,1,2026-06-15 20:00:00 UTC,14,0.2,TRUE,TRUE,TRUE,TRUE,FALSE,66615.98,66517.99,66617.5,66506.43,98,-1,2.121,173,0.567,0.104,0.022,-2,35061833,22334706,1.57,0,0,0,43827291,99,FALSE,-399132,-399132,-73060,,,5,6,135314,buy,0.25,90.155,FALSE,,0,-179042,-30.35,0.1,-5944650,none,0.011,neutral,-0.00004597,,,,,66600,66500,-29.35,0.848,0,TRUE,up,46.38,2.758,TRUE,TRUE,1.339,poc_4h,319.51,round_66500,17.99,TRUE,0.295,0.29,0.3,299,,0.4,30,cushion_>1.5atr__cvd3m_flat__min1,0.668,97,0.9021,1.78E+12,0.2987,MED,>=0.72 or <=0.28,0.60-0.72,<0.60,4_of_7,0.43,"[""flaa_asymmetry"",""candle_cushion"",""htf_trend""]",0.4,down
b0a55be5-5252-45e5-a75c-cc976bc1e2b8,2026-06-15 21:46:00.502744+00,2026-06-15 21:45:00 UTC,btc-updown-5m-1781559900,1,2026-06-15 21:45:00 UTC,14,2.5,TRUE,TRUE,TRUE,TRUE,FALSE,66436,66430.17,66447.99,66430.16,6,-1,0.195,112,0.052,0.001,0.622,-12,1430955,50547,28.309,0,0,0,1788694,7.069,FALSE,-16350,-56696,-875487,,,3,5,111568,buy,0.72,1.212,FALSE,,0,5860,-31.02,-1.59,3184079,none,0.001,neutral,-0.000028,,,,,66450,66300,-38.87,-3.687,-1,FALSE,up,42.614,2.714,TRUE,TRUE,0.742,round_66500,69.83,session_vwap,119.68,TRUE,0.445,0.44,0.45,308,,-14.7,30,cushion_<0.5atr__cvd3m_confirming__min1,0.5369,449,0.6124,1.78E+12,0.2983,MED,>=0.72 or <=0.28,0.60-0.72,<0.60,6_of_7,0.14,"[""flaa_asymmetry"",""htf_trend"",""perp_basis""]",-14.7,down
347a9875-f6c4-467e-a53f-4a45ea6cf91b,2026-06-15 14:16:00.014+00,2026-06-15 14:15:00 UTC,btc-updown-5m-1781532900,1,2026-06-15 14:15:00 UTC,14,0.2,TRUE,TRUE,TRUE,TRUE,FALSE,66442.02,66441.58,66508,66441.58,0,-1,0.007,248,0.002,0,0.915,-66,66491,42339,1.57,0,0,0,83113,0.97,FALSE,27932,27932,-449873,,,1,1,393347,sell,0.71,0.817,FALSE,,0,-222714,-36.73,-6.17,5520036,none,-0.008,neutral,-0.00006319,,,,,66450,66300,-52.52,3.457,0,TRUE,up,45.116,4.018,TRUE,TRUE,2.421,round_66500,58.42,poc_4h,104.08,FALSE,0.505,0.5,0.51,913,,-8.3,30,cushion_<0.5atr__cvd3m_confirming__min1,0.54,450,0.6067,1.78E+12,0.4219,LOW,>=0.72 or <=0.28,0.60-0.72,<0.60,4_of_7,0.43,"[""flaa_asymmetry"",""htf_trend"",""perp_basis""]",-8.3,up
df53b3f3-6f3c-43a9-8838-0f907c2d2600,2026-06-15 14:01:00.021+00,2026-06-15 14:00:00 UTC,btc-updown-5m-1781532000,1,2026-06-15 14:00:00 UTC,14,0.3,TRUE,TRUE,TRUE,TRUE,FALSE,66447.06,66392.01,66456.79,66392,55,-1,0.818,252,0.219,0,0.096,-10,19325220,5155985,3.748,0,0,0,24156525,99,FALSE,-348501,-348501,-77087,,,3,2,207125,buy,0.71,65.148,FALSE,,0,391339,-41.76,-5.5,-7790947,none,-0.033,long_liquidation,-0.00006642,,,,,66450,66300,-53.3,-2.176,-1,FALSE,up,43.691,3.804,TRUE,TRUE,2.469,round_66500,107.99,poc_4h,179.51,FALSE,0.405,0.4,0.41,758,,-14.2,30,cushion_0.5-1.0atr__cvd3m_flat__min1,0.5591,212,0.6382,1.78E+12,0.2627,HIGH,>=0.72 or <=0.28,0.60-0.72,<0.60,5_of_7,0.29,"[""flaa_asymmetry"",""perp_long_liquidation"",""htf_trend""]",-14.2,down
a75380d3-f1b7-4ade-9357-99897aaf2ecc,2026-06-16 18:16:00.556793+00,2026-06-16 18:15:00 UTC,btc-updown-5m-1781633700,1,2026-06-16 18:15:00 UTC,14,0.5,TRUE,TRUE,TRUE,TRUE,FALSE,66136.83,66048.92,66136.84,66048.92,88,-1,1.937,170,0.518,0,0.022,0,30420941,23221602,1.31,0,0,0,38026176,99,FALSE,-868021,-868021,-638594,,,2,3,597074,sell,1.36,5.774,FALSE,,0,-168541,-25.77,3.34,-1103850,none,-0.001,neutral,0.0000515,,,,,66150,65850,-62.91,-1.752,0,FALSE,up,20.48,0.517,FALSE,FALSE,0.033,prior_day_low,27.64,round_66000,48.92,TRUE,0.235,0.23,0.24,407,,2.6,30,cushion_>1.5atr__cvd3m_confirming__min1,0.7022,289,0.9437,1.78E+12,0.2606,HIGH,>=0.72 or <=0.28,0.60-0.72,<0.60,4_of_7,0.43,"[""candle_cushion"",""flaa_asymmetry"",""perp_basis""]",2.6,down
3dc8a0df-d75e-46ed-993a-b4bae7091e0f,2026-06-15 21:16:00.559693+00,2026-06-15 21:15:00 UTC,btc-updown-5m-1781558100,1,2026-06-15 21:15:00 UTC,14,0.9,TRUE,TRUE,TRUE,TRUE,FALSE,66517.44,66520.1,66533.52,66517.43,3,1,0.086,116,0.023,0.166,0.622,0,23821,596469,0.04,0,0,0,29776,99,FALSE,93268,93268,-287889,,,1,5,139967,sell,1.01,7.874,FALSE,,0,0,-33.86,2.1,2493401,none,0.003,neutral,-0.0000347,,,,,66600,66500,-34.68,-2.976,-1,FALSE,up,42.614,2.946,TRUE,TRUE,1.411,poc_4h,317.4,round_66500,20.1,TRUE,0.515,0.51,0.52,563,,-9.7,30,cushion_<0.5atr__cvd3m_diverging__min1,0.5338,345,0.5261,1.78E+12,0.4184,LOW,>=0.72 or <=0.28,0.60-0.72,<0.60,3_of_7,0.57,"[""flaa_asymmetry"",""tape_sweeps"",""htf_trend""]",-9.7,up
40be8c99-e12a-4e1c-8361-3148fcfb39c4,2026-06-15 15:16:00.014+00,2026-06-15 15:15:00 UTC,btc-updown-5m-1781536500,1,2026-06-15 15:15:00 UTC,14,1,TRUE,TRUE,TRUE,TRUE,FALSE,66625.29,66612,66625.3,66588.83,13,-1,0.441,113,0.118,0.635,0.326,0,3503729,1456152,2.406,0,0,0,4379661,99,FALSE,-409664,-409664,-481222,,,2,2,185668,buy,0.53,2.293,FALSE,,0,-142274,-32.35,8.59,-4236851,none,0.003,neutral,-0.00006002,,,,,66650,66600,-44.82,-1.018,0,FALSE,up,45.684,4.258,TRUE,TRUE,2.265,day_high,337.22,round_66500,112,FALSE,0.455,0.45,0.46,880,,-7.4,30,cushion_<0.5atr__cvd3m_confirming__min1,0.5389,451,0.6091,1.78E+12,0.3815,MED,>=0.72 or <=0.28,0.60-0.72,<0.60,3_of_7,0.57,"[""flaa_asymmetry"",""htf_trend"",""perp_basis""]",-7.4,up
a0fd1346-2eb9-46cf-afe6-ebda295f3fa9,2026-06-15 17:46:00.016+00,2026-06-15 17:45:00 UTC,btc-updown-5m-1781545500,1,2026-06-15 17:45:00 UTC,14,0.7,TRUE,TRUE,TRUE,TRUE,FALSE,66884.01,66862,66884.01,66850.31,22,-1,0.518,159,0.138,0.347,0,0,8055378,536080,15.026,0,0,0,10069223,6.835,FALSE,-41008,-41008,464941,,,1,0,60532,buy,0,1.122,FALSE,,0,0,-35.85,-4.42,3039065,none,0.002,neutral,-0.00006445,,,,,66900,66850,-37.58,-8.25,1,FALSE,up,48.065,4.359,TRUE,TRUE,1.604,round_67000,138,round_66500,362,FALSE,0.415,0.41,0.42,894,,-5.6,30,cushion_0.5-1.0atr__cvd3m_diverging__min1,0.6152,231,0.6747,1.78E+12,0.3594,MED,>=0.72 or <=0.28,0.60-0.72,<0.60,4_of_7,0.43,"[""flaa_asymmetry"",""tape_sweeps"",""htf_trend""]",-5.6,up
d2ff6612-d6a7-463c-adea-977695d101f9,2026-06-15 22:31:00.501849+00,2026-06-15 22:30:00 UTC,btc-updown-5m-1781562600,1,2026-06-15 22:30:00 UTC,14,2,TRUE,TRUE,TRUE,TRUE,FALSE,66162.01,66153.33,66185.38,66134,9,-1,0.188,173,0.05,0.376,0.432,-23,2437368,995752,2.448,0,0,0,3046710,7.279,FALSE,-214251,-214251,-92885,,,1,2,166541,sell,0.6,27.075,FALSE,,0,-24082,-28.98,8.18,-7989046,none,-0.01,neutral,-0.00002687,,,,,66200,66150,-41.03,-0.641,-1,FALSE,up,40.386,1.948,FALSE,FALSE,0.304,vwap_24h,102.6,round_66000,153.33,TRUE,0.535,0.53,0.54,411,,-19.8,30,cushion_<0.5atr__cvd3m_flat__min1,0.5435,285,0.5233,1.78E+12,0.3375,MED,>=0.72 or <=0.28,0.60-0.72,<0.60,5_of_7,0.29,"[""flaa_asymmetry"",""htf_trend"",""tape_sweeps""]",-19.8,up
aabd0f84-042e-4db0-94df-37558c15a9a0,2026-06-15 21:01:00.542573+00,2026-06-15 21:00:00 UTC,btc-updown-5m-1781557200,1,2026-06-15 21:00:00 UTC,14,0.9,TRUE,TRUE,TRUE,TRUE,FALSE,66519.99,66500.01,66519.99,66500,20,-1,0.75,100,0.201,0.001,0,0,6068817,1420558,4.272,0,0,0,7586021,99,FALSE,-81031,-81031,-128014,,,0,1,33273,sell,1.2,0.005,FALSE,,0,0,-35.76,2.2,-1006282,none,-0.009,neutral,-0.00003605,,,,,66600,66500,-35.12,-7.407,-1,FALSE,up,44.427,2.649,TRUE,TRUE,1.416,poc_4h,337.49,round_66500,0.01,TRUE,0.415,0.41,0.42,256,,-16,30,cushion_0.5-1.0atr__cvd3m_flat__min1,0.5604,215,0.6382,1.78E+12,0.2554,HIGH,>=0.72 or <=0.28,0.60-0.72,<0.60,5_of_7,0.29,"[""flaa_asymmetry"",""tape_sweeps"",""htf_trend""]",-16,down
31d5394d-42d2-48dc-8c69-60a29a258ab6,2026-06-16 18:01:00.516033+00,2026-06-16 18:00:00 UTC,btc-updown-5m-1781632800,1,2026-06-16 18:00:00 UTC,14,0.5,TRUE,TRUE,TRUE,TRUE,FALSE,65978.79,65960,65978.79,65954.29,19,-1,0.491,143,0.131,0.233,0,0,5350733,1533287,3.49,0,0,0,6688416,1.126,FALSE,-20245,-20245,1737182,,,3,3,60341,sell,1.94,1.816,FALSE,,0,320700,-27.74,-0.4,12089877,none,-0.001,neutral,0.00004645,,,,,66150,65850,-59.15,0.455,1,FALSE,up,20.913,0.309,FALSE,FALSE,0.035,round_66000,40,poc_4h,222.5,TRUE,0.445,0.44,0.45,300,,-10.8,30,cushion_<0.5atr__cvd3m_diverging__min1,0.5377,346,0.5438,1.78E+12,0.3366,MED,>=0.72 or <=0.28,0.60-0.72,<0.60,4_of_7,0.43,"[""flaa_asymmetry"",""perp_basis"",""htf_trend""]",-10.8,up
0ab6be4b-4298-47cd-ae1b-95ceb4332c09,2026-06-16 13:46:00.469973+00,2026-06-16 13:45:00 UTC,btc-updown-5m-1781617500,1,2026-06-16 13:45:00 UTC,14,0.5,TRUE,TRUE,TRUE,TRUE,FALSE,66128.93,66110,66174.87,66110,19,-1,0.313,226,0.084,0,0.558,-46,6268408,482459,12.993,0,0,0,7835510,99,FALSE,-873142,-873142,-4727290,,,2,2,216249,sell,0.67,0.139,TRUE,buy,0.327,-1535814,-32.86,-7.91,9531408,none,0.006,neutral,-0.00002766,,,,,66150,65850,-60.11,-5.035,0,FALSE,up,23.243,0.714,FALSE,FALSE,1.096,session_vwap,153.59,poc_4h,97.5,TRUE,0.455,0.45,0.46,742,,-12.3,30,cushion_<0.5atr__cvd3m_confirming__min1,0.5438,454,0.6147,1.78E+12,0.3319,MED,>=0.72 or <=0.28,0.60-0.72,<0.60,4_of_7,0.43,"[""flaa_asymmetry"",""htf_trend"",""perp_basis""]",-12.3,up
2dc82469-d03b-431f-8c91-cdf979c07086,2026-06-15 17:16:00.015+00,2026-06-15 17:15:00 UTC,btc-updown-5m-1781543700,1,2026-06-15 17:15:00 UTC,14,0.3,TRUE,TRUE,TRUE,TRUE,FALSE,66896.66,66861.09,66896.66,66851.43,36,-1,0.583,228,0.156,0.214,0,0,12404777,3711309,3.342,0,0,0,15505971,13.403,FALSE,-2015750,-1712382,-4380843,,,0,2,217057,sell,0.44,0.062,TRUE,buy,0.646,-1483263,-27.24,0.99,21515985,none,-0.053,long_liquidation,-0.00006988,,,,,66900,66850,-31.83,-1.065,0,FALSE,up,48.065,4.356,TRUE,TRUE,1.707,round_67000,138.91,round_66500,361.09,FALSE,0.425,0.42,0.43,896,,-15,30,cushion_0.5-1.0atr__cvd3m_confirming__min1,0.5756,332,0.6698,1.78E+12,0.275,HIGH,>=0.72 or <=0.28,0.60-0.72,<0.60,5_of_7,0.29,"[""flaa_asymmetry"",""htf_trend"",""tape_absorption""]",-15,up
86a0b5f4-80d6-481e-b2bb-4a5f064e1fd2,2026-06-16 12:46:00.499445+00,2026-06-16 12:45:00 UTC,btc-updown-5m-1781613900,1,2026-06-16 12:45:00 UTC,14,0.5,TRUE,TRUE,TRUE,TRUE,FALSE,66498,66467.81,66498.01,66452,30,-1,0.556,203,0.149,0.344,0,0,9352140,1458005,6.414,0,0,0,11690175,63.037,FALSE,-64773,-64773,320949,,,2,3,105376,buy,0.65,5.013,FALSE,,0,236109,-38.76,-8.01,-1084702,none,0.015,neutral,-0.00002219,,,,,66500,66450,-53.35,-2.171,0,FALSE,up,23.256,1.709,TRUE,FALSE,1.389,round_66500,32.19,prior_day_close,139.07,TRUE,0.435,0.43,0.44,511,,-19.7,30,cushion_0.5-1.0atr__cvd3m_diverging__min1,0.6206,232,0.6773,1.78E+12,0.2385,HIGH,>=0.72 or <=0.28,0.60-0.72,<0.60,5_of_7,0.29,"[""flaa_asymmetry"",""htf_trend"",""perp_basis""]",-19.7,down
df98a7c1-32d3-49e3-823e-f6ba6496b043,2026-06-15 18:31:00.51597+00,2026-06-15 18:30:00 UTC,btc-updown-5m-1781548200,1,2026-06-15 18:30:00 UTC,14,0.1,TRUE,TRUE,TRUE,TRUE,FALSE,66826.43,66782.81,66840,66766.5,44,-1,1.208,135,0.323,0.222,0.37,-14,15017322,4790059,3.135,0,0,0,18771653,99,FALSE,-135486,-135486,-280498,,,5,5,96149,buy,1.18,18.353,FALSE,,0,-210504,-41.01,-6.86,-2159041,none,-0.001,neutral,-0.00005754,,,,,66800,66750,-32.89,0.7,-1,FALSE,up,47.191,3.86,TRUE,TRUE,1.554,round_67000,217.19,round_66500,282.81,FALSE,0.345,0.34,0.35,576,,-14.1,30,cushion_1.0-1.5atr__cvd3m_confirming__min1,0.6564,250,0.7899,1.78E+12,0.2037,HIGH,>=0.72 or <=0.28,0.60-0.72,<0.60,5_of_7,0.29,"[""flaa_asymmetry"",""htf_trend"",""candle_cushion""]",-14.1,up
0d152b28-eb5f-4d77-a334-e0580de75e45,2026-06-15 22:46:00.462666+00,2026-06-15 22:45:00 UTC,btc-updown-5m-1781563500,1,2026-06-15 22:45:00 UTC,14,0.1,TRUE,TRUE,TRUE,TRUE,FALSE,66299.38,66269.99,66325.83,66263.2,29,-1,0.592,186,0.158,0.108,0.487,-26,11282620,1749595,6.449,0,0,0,14103275,99,FALSE,431161,432172,422275,,,0,1,65864,sell,0.75,5.026,FALSE,,0,159650,-31.63,0.72,409127,none,-0.014,neutral,-0.00002201,,,,,66300,66200,-43.61,-5.365,0,FALSE,up,40.386,2.256,FALSE,TRUE,0.228,session_vwap,39.9,vwap_24h,2.91,TRUE,0.415,0.41,0.42,141,,-18.8,30,cushion_0.5-1.0atr__cvd3m_diverging__min1,0.6182,233,0.6678,1.78E+12,0.227,HIGH,>=0.72 or <=0.28,0.60-0.72,<0.60,4_of_7,0.43,"[""flaa_asymmetry"",""tape_sweeps"",""htf_trend""]",-18.8,down
d62b0c89-d3b8-40b4-ac0f-bff322198627,2026-06-16 17:16:00.532394+00,2026-06-16 17:15:00 UTC,btc-updown-5m-1781630100,1,2026-06-16 17:15:00 UTC,14,0.7,TRUE,TRUE,TRUE,TRUE,FALSE,65792.01,65778.01,65792.9,65778,14,-1,0.485,108,0.13,0.001,0.028,-1,4523338,319369,14.163,0,0,0,5654172,99,FALSE,-426665,-426665,-516960,,,0,2,234587,sell,1.34,4.612,FALSE,,0,-103661,-27.96,-3.35,-353603,none,-0.003,neutral,0.0000319,,,,,65850,65500,-65.51,-2.111,-1,FALSE,down,20.913,-0.122,FALSE,FALSE,0.033,round_66000,221.99,poc_4h,40.51,TRUE,0.445,0.44,0.45,857,,-25.7,30,cushion_<0.5atr__cvd3m_confirming__min1,0.545,453,0.6192,1.78E+12,0.1879,HIGH,>=0.72 or <=0.28,0.60-0.72,<0.60,7_of_7,0,"[""flaa_asymmetry"",""tape_sweeps"",""perp_basis""]",-25.7,up
35c7b405-6637-4d5d-b1eb-d4d70eef0393,2026-06-16 02:01:00.604673+00,2026-06-16 02:00:00 UTC,btc-updown-5m-1781575200,1,2026-06-16 02:00:00 UTC,14,0.7,TRUE,TRUE,TRUE,TRUE,FALSE,66346.51,66324.12,66346.52,66324.12,22,-1,1.064,79,0.284,0,0.068,0,7400779,1095081,6.758,0,0,0,9250973,99,FALSE,-39642,-39642,-90354,,,0,1,35805,sell,0.38,16.741,FALSE,,0,0,-41.98,-2.5,-1911034,none,0.005,neutral,-0.00003266,,,,,66450,66300,-44.29,2.723,0,FALSE,up,32.981,2.363,FALSE,FALSE,0.246,prior_day_close,4.62,poc_4h,36.62,TRUE,0.385,0.38,0.39,316,,-17.8,30,cushion_1.0-1.5atr__cvd3m_flat__min1,0.5917,84,0.7569,1.78E+12,0.2068,HIGH,>=0.72 or <=0.28,0.60-0.72,<0.60,5_of_7,0.29,"[""flaa_asymmetry"",""tape_sweeps"",""htf_trend""]",-17.8,down
9b325bc0-792c-47ec-9368-acb740572cbf,2026-06-16 16:46:00.501875+00,2026-06-16 16:45:00 UTC,btc-updown-5m-1781628300,1,2026-06-16 16:45:00 UTC,14,1,TRUE,TRUE,TRUE,TRUE,FALSE,65808.01,65770.02,65827.39,65770.02,38,-1,0.911,156,0.244,0,0.455,-19,12929846,2498575,5.175,0,0,0,16162308,99,FALSE,-119765,-119765,-184201,,,1,4,46281,sell,0.6,18.569,FALSE,,0,0,-32.76,-0.81,-434945,none,-0.004,neutral,0.00002212,,,,,65850,65500,-65.88,-10.635,-1,FALSE,down,21.163,-0.144,FALSE,FALSE,0.029,round_66000,229.98,poc_4h,32.52,TRUE,0.355,0.35,0.36,710,,-16.6,30,cushion_0.5-1.0atr__cvd3m_confirming__min1,0.5716,338,0.6699,1.78E+12,0.1886,HIGH,>=0.72 or <=0.28,0.60-0.72,<0.60,7_of_7,0,"[""flaa_asymmetry"",""tape_sweeps"",""perp_basis""]",-16.6,down
d895315d-0d06-48bb-8f7c-72eb9b8e09b5,2026-06-15 13:31:00.027+00,2026-06-15 13:30:00 UTC,btc-updown-5m-1781530200,1,2026-06-15 13:30:00 UTC,14,0.2,TRUE,TRUE,TRUE,TRUE,FALSE,66841.92,66706.66,66856.32,66690.04,135,-1,1.915,264,0.512,0.1,0,-14,52338497,33303557,1.572,0,0,0,65423121,99,FALSE,-962917,-934084,-777178,,,0,1,177869,sell,2.77,14.095,FALSE,,0,109626,-34.65,8.5,-35052304,none,-0.039,long_liquidation,-0.0000622,,,,,66750,66650,-40.23,5.643,0,TRUE,up,43.691,5.04,TRUE,TRUE,2.778,day_high,242.56,round_66500,206.66,FALSE,0.275,0.27,0.28,214,,-10.1,30,cushion_>1.5atr__cvd3m_confirming__min1,0.6978,291,0.9441,1.78E+12,0.1742,HIGH,>=0.72 or <=0.28,0.60-0.72,<0.60,5_of_7,0.29,"[""tape_sweeps"",""flaa_asymmetry"",""candle_cushion""]",-10.1,down
d345f095-e898-40e8-b6e2-00a2049fd034,2026-06-15 21:31:00.477114+00,2026-06-15 21:30:00 UTC,btc-updown-5m-1781559000,1,2026-06-15 21:30:00 UTC,14,0.3,TRUE,TRUE,TRUE,TRUE,FALSE,66410,66366,66410,66314.34,44,-1,1.373,120,0.367,0.54,0,0,13629126,6460811,2.11,0,0,0,17036407,99,FALSE,-1396169,-1396169,-1565672,,,3,10,131715,buy,0.57,3.921,FALSE,,0,-187799,-24.54,10.13,-22060534,none,-0.075,long_liquidation,-0.00003161,,,,,66450,66300,-35.63,8.173,-1,FALSE,up,42.614,2.548,TRUE,TRUE,1.154,round_66500,134,session_vwap,56.12,TRUE,0.395,0.39,0.4,309,,-20.9,30,cushion_1.0-1.5atr__cvd3m_confirming__min1,0.6564,250,0.7899,1.78E+12,0.1857,HIGH,>=0.72 or <=0.28,0.60-0.72,<0.60,6_of_7,0.14,"[""flaa_asymmetry"",""tape_sweeps"",""candle_cushion""]",-20.9,up
6a46f092-53bb-4274-a2bf-d78acab529d0,2026-06-16 15:46:00.514249+00,2026-06-16 15:45:00 UTC,btc-updown-5m-1781624700,1,2026-06-16 15:45:00 UTC,14,1.1,TRUE,TRUE,TRUE,TRUE,FALSE,65846,65751.99,65846.01,65728,94,-1,1.725,204,0.461,0.203,0.022,0,33813422,21136455,1.6,0,0,0,42266777,99,FALSE,-1667193,-1667193,-2330209,,,2,11,109162,sell,1.51,3.503,FALSE,,0,-109109,-27.54,9.41,-302218,none,-0.004,neutral,-0.0000027,,,,,65850,65500,-59.72,-5.241,-1,FALSE,down,21.433,-0.181,FALSE,FALSE,0.024,round_66000,248.01,poc_4h,14.49,FALSE,0.285,0.28,0.29,549,,-12.2,30,cushion_>1.5atr__cvd3m_confirming__min1,0.7045,288,0.9437,1.78E+12,0.1628,HIGH,>=0.72 or <=0.28,0.60-0.72,<0.60,6_of_7,0.14,"[""tape_sweeps"",""flaa_asymmetry"",""candle_cushion""]",-12.2,down
11310315-c8e6-4140-86f7-8e83a21f2d61,2026-06-16 17:31:00.507257+00,2026-06-16 17:30:00 UTC,btc-updown-5m-1781631000,1,2026-06-16 17:30:00 UTC,14,0.3,TRUE,TRUE,TRUE,TRUE,FALSE,65747.16,65715.22,65747.16,65715.21,32,-1,0.994,120,0.266,0,0,0,9675559,2216460,4.365,0,0,0,12094449,13.222,FALSE,-212868,-212868,-1532409,,,0,7,299645,sell,0.48,2.436,FALSE,,0,-866198,-30.07,-10.22,5227363,none,0.004,neutral,0.0000364,,,,,65850,65500,-59.99,2.643,-1,FALSE,down,20.913,-0.271,FALSE,FALSE,0.034,poc_4h,22.28,round_65500,215.22,TRUE,0.385,0.38,0.39,843,,-22.1,30,cushion_0.5-1.0atr__cvd3m_confirming__min1,0.5716,338,0.6699,1.78E+12,0.1643,HIGH,>=0.72 or <=0.28,0.60-0.72,<0.60,7_of_7,0,"[""flaa_asymmetry"",""tape_sweeps"",""perp_basis""]",-22.1,up
9b740bec-7321-44e6-9070-6628c504531c,2026-06-15 17:01:00.015+00,2026-06-15 17:00:00 UTC,btc-updown-5m-1781542800,1,2026-06-15 17:00:00 UTC,14,0.4,TRUE,TRUE,TRUE,TRUE,FALSE,67157.99,67082.44,67158,67075.59,76,-1,2.253,125,0.602,0.083,0.041,0,28749796,14132307,2.034,0,0,0,35937245,99,FALSE,-1760126,-1760126,-4728021,,,3,6,349097,sell,0.87,1.678,FALSE,,0,-2075380,-37.79,-9.36,1104829,none,-0.017,neutral,-0.00006957,,,,,67100,67050,-33.94,-0.8,-1,FALSE,up,46.919,4.704,TRUE,TRUE,2.083,poc_4h,80.06,round_67000,82.44,FALSE,0.275,0.27,0.28,895,,-12.3,30,cushion_>1.5atr__cvd3m_confirming__min1,0.7041,291,0.9438,1.78E+12,0.1521,HIGH,>=0.72 or <=0.28,0.60-0.72,<0.60,6_of_7,0.14,"[""flaa_asymmetry"",""candle_cushion"",""htf_trend""]",-12.3,down