filename,source_path,source_sha256,size_bytes,mtime_utc,ingest_status,exclusion_reason,asset,interval,epoch,version
btc-updown-5m-1782969600_v51.json,AUTOPSY/logs/btc-updown-5m-1782969600_v51.json,,171191,2026-07-09T17:28:58Z,excluded,pre_v8,,,,
btc-updown-5m-1782971100_v51.json,AUTOPSY/logs/btc-updown-5m-1782971100_v51.json,,176167,2026-07-09T17:28:58Z,excluded,pre_v8,,,,
btc-updown-5m-1782971400_v51.json,AUTOPSY/logs/btc-updown-5m-1782971400_v51.json,,175187,2026-07-09T17:28:58Z,excluded,pre_v8,,,,
btc-updown-5m-1782971700_v51.json,AUTOPSY/logs/btc-updown-5m-1782971700_v51.json,,176020,2026-07-09T17:28:58Z,excluded,pre_v8,,,,
btc-updown-5m-1782972000_v51.json,AUTOPSY/logs/btc-updown-5m-1782972000_v51.json,,173949,2026-07-09T17:28:58Z,excluded,pre_v8,,,,
btc-updown-5m-1782972300_v51.json,AUTOPSY/logs/btc-updown-5m-1782972300_v51.json,,176246,2026-07-09T17:28:58Z,excluded,pre_v8,,,,
btc-updown-5m-1782972600_v51.json,AUTOPSY/logs/btc-updown-5m-1782972600_v51.json,,177025,2026-07-09T17:28:58Z,excluded,pre_v8,,,,
btc-updown-5m-1782972900_v51.json,AUTOPSY/logs/btc-updown-5m-1782972900_v51.json,,176762,2026-07-09T17:28:58Z,excluded,pre_v8,,,,
btc-updown-5m-1782973200_v51.json,AUTOPSY/logs/btc-updown-5m-1782973200_v51.json,,177960,2026-07-09T17:28:59Z,excluded,pre_v8,,,,
btc-updown-5m-1782973500_v51.json,AUTOPSY/logs/btc-updown-5m-1782973500_v51.json,,173272,2026-07-09T17:28:59Z,excluded,pre_v8,,,,
btc-updown-5m-1782973800_v51.json,AUTOPSY/logs/btc-updown-5m-1782973800_v51.json,,175738,2026-07-09T17:28:59Z,excluded,pre_v8,,,,
btc-updown-5m-1782974100_v51.json,AUTOPSY/logs/btc-updown-5m-1782974100_v51.json,,179313,2026-07-09T17:28:59Z,excluded,pre_v8,,,,
btc-updown-5m-1782974400_v51.json,AUTOPSY/logs/btc-updown-5m-1782974400_v51.json,,177698,2026-07-09T17:28:59Z,excluded,pre_v8,,,,
btc-updown-5m-1782974700_v51.json,AUTOPSY/logs/btc-updown-5m-1782974700_v51.json,,180301,2026-07-09T17:28:59Z,excluded,pre_v8,,,,
btc-updown-5m-1782975000_v51.json,AUTOPSY/logs/btc-updown-5m-1782975000_v51.json,,169467,2026-07-09T17:28:59Z,excluded,pre_v8,,,,
btc-updown-5m-1782975300_v51.json,AUTOPSY/logs/btc-updown-5m-1782975300_v51.json,,178650,2026-07-09T17:28:59Z,excluded,pre_v8,,,,
btc-updown-5m-1782975600_v51.json,AUTOPSY/logs/btc-updown-5m-1782975600_v51.json,,177191,2026-07-09T17:28:59Z,excluded,pre_v8,,,,
btc-updown-5m-1782975900_v51.json,AUTOPSY/logs/btc-updown-5m-1782975900_v51.json,,177780,2026-07-09T17:28:59Z,excluded,pre_v8,,,,
btc-updown-5m-1782976200_v51.json,AUTOPSY/logs/btc-updown-5m-1782976200_v51.json,,176158,2026-07-09T17:28:59Z,excluded,pre_v8,,,,
btc-updown-5m-1782983700_v52.json,AUTOPSY/logs/btc-updown-5m-1782983700_v52.json,,176222,2026-07-09T17:28:59Z,excluded,pre_v8,,,,
btc-updown-5m-1782984000_v52.json,AUTOPSY/logs/btc-updown-5m-1782984000_v52.json,,177400,2026-07-09T17:28:59Z,excluded,pre_v8,,,,
btc-updown-5m-1782984300_v52.json,AUTOPSY/logs/btc-updown-5m-1782984300_v52.json,,176670,2026-07-09T17:28:59Z,excluded,pre_v8,,,,
btc-updown-5m-1782984600_v52.json,AUTOPSY/logs/btc-updown-5m-1782984600_v52.json,,178952,2026-07-09T17:28:59Z,excluded,pre_v8,,,,
btc-updown-5m-1782984900_v52.json,AUTOPSY/logs/btc-updown-5m-1782984900_v52.json,,178195,2026-07-09T17:28:59Z,excluded,pre_v8,,,,
btc-updown-5m-1782985200_v52.json,AUTOPSY/logs/btc-updown-5m-1782985200_v52.json,,180354,2026-07-09T17:28:59Z,excluded,pre_v8,,,,
btc-updown-5m-1782986100_v51.json,AUTOPSY/logs/btc-updown-5m-1782986100_v51.json,,179358,2026-07-09T17:28:59Z,excluded,pre_v8,,,,
btc-updown-5m-1782987000_v53.json,AUTOPSY/logs/btc-updown-5m-1782987000_v53.json,,176048,2026-07-09T17:28:59Z,excluded,pre_v8,,,,
btc-updown-5m-1782987600_v53.json,AUTOPSY/logs/btc-updown-5m-1782987600_v53.json,,173545,2026-07-09T17:28:59Z,excluded,pre_v8,,,,
btc-updown-5m-1782988200_v53.json,AUTOPSY/logs/btc-updown-5m-1782988200_v53.json,,177145,2026-07-09T17:28:59Z,excluded,pre_v8,,,,
btc-updown-5m-1782988500_v53.json,AUTOPSY/logs/btc-updown-5m-1782988500_v53.json,,178831,2026-07-09T17:28:59Z,excluded,pre_v8,,,,
btc-updown-5m-1782994500_v53.json,AUTOPSY/logs/btc-updown-5m-1782994500_v53.json,,180000,2026-07-09T17:28:59Z,excluded,pre_v8,,,,
btc-updown-5m-1782994800_v53.json,AUTOPSY/logs/btc-updown-5m-1782994800_v53.json,,178492,2026-07-09T17:28:59Z,excluded,pre_v8,,,,
btc-updown-5m-1782996900_v53.json,AUTOPSY/logs/btc-updown-5m-1782996900_v53.json,,166910,2026-07-09T17:28:59Z,excluded,pre_v8,,,,
btc-updown-5m-1782997200_v53.json,AUTOPSY/logs/btc-updown-5m-1782997200_v53.json,,177949,2026-07-09T17:28:59Z,excluded,pre_v8,,,,
btc-updown-5m-1782997500_v53.json,AUTOPSY/logs/btc-updown-5m-1782997500_v53.json,,178695,2026-07-09T17:28:59Z,excluded,pre_v8,,,,
btc-updown-5m-1782997800_v53.json,AUTOPSY/logs/btc-updown-5m-1782997800_v53.json,,177866,2026-07-09T17:28:59Z,excluded,pre_v8,,,,
btc-updown-5m-1782998100_v53.json,AUTOPSY/logs/btc-updown-5m-1782998100_v53.json,,178013,2026-07-09T17:28:59Z,excluded,pre_v8,,,,
btc-updown-5m-1782998400_v53.json,AUTOPSY/logs/btc-updown-5m-1782998400_v53.json,,179910,2026-07-09T17:28:59Z,excluded,pre_v8,,,,
btc-updown-5m-1782998700_v53.json,AUTOPSY/logs/btc-updown-5m-1782998700_v53.json,,180067,2026-07-09T17:28:59Z,excluded,pre_v8,,,,
btc-updown-5m-1782999000_v53.json,AUTOPSY/logs/btc-updown-5m-1782999000_v53.json,,172458,2026-07-09T17:28:59Z,excluded,pre_v8,,,,
btc-updown-5m-1782999900_v53.json,AUTOPSY/logs/btc-updown-5m-1782999900_v53.json,,174737,2026-07-09T17:28:59Z,excluded,pre_v8,,,,
btc-updown-5m-1783000200_v53.json,AUTOPSY/logs/btc-updown-5m-1783000200_v53.json,,179320,2026-07-09T17:28:59Z,excluded,pre_v8,,,,
btc-updown-5m-1783000500_v53.json,AUTOPSY/logs/btc-updown-5m-1783000500_v53.json,,179234,2026-07-09T17:28:59Z,excluded,pre_v8,,,,
btc-updown-5m-1783000800_v53.json,AUTOPSY/logs/btc-updown-5m-1783000800_v53.json,,178760,2026-07-09T17:28:59Z,excluded,pre_v8,,,,
btc-updown-5m-1783001100_v53.json,AUTOPSY/logs/btc-updown-5m-1783001100_v53.json,,179521,2026-07-09T17:28:59Z,excluded,pre_v8,,,,
btc-updown-5m-1783001400_v53.json,AUTOPSY/logs/btc-updown-5m-1783001400_v53.json,,174371,2026-07-09T17:28:59Z,excluded,pre_v8,,,,
btc-updown-5m-1783001700_v53.json,AUTOPSY/logs/btc-updown-5m-1783001700_v53.json,,180689,2026-07-09T17:28:59Z,excluded,pre_v8,,,,
btc-updown-5m-1783002600_v53.json,AUTOPSY/logs/btc-updown-5m-1783002600_v53.json,,178913,2026-07-09T17:28:59Z,excluded,pre_v8,,,,
btc-updown-5m-1783004400_v53.json,AUTOPSY/logs/btc-updown-5m-1783004400_v53.json,,161210,2026-07-09T17:28:59Z,excluded,pre_v8,,,,
btc-updown-5m-1783005000_v53.json,AUTOPSY/logs/btc-updown-5m-1783005000_v53.json,,173445,2026-07-09T17:28:59Z,excluded,pre_v8,,,,
btc-updown-5m-1783005300_v53.json,AUTOPSY/logs/btc-updown-5m-1783005300_v53.json,,180094,2026-07-09T17:28:59Z,excluded,pre_v8,,,,
btc-updown-5m-1783005600_v53.json,AUTOPSY/logs/btc-updown-5m-1783005600_v53.json,,176941,2026-07-09T17:28:59Z,excluded,pre_v8,,,,
btc-updown-5m-1783005900_v53.json,AUTOPSY/logs/btc-updown-5m-1783005900_v53.json,,172416,2026-07-09T17:28:59Z,excluded,pre_v8,,,,
btc-updown-5m-1783006200_v53.json,AUTOPSY/logs/btc-updown-5m-1783006200_v53.json,,177932,2026-07-09T17:28:59Z,excluded,pre_v8,,,,
btc-updown-5m-1783006500_v53.json,AUTOPSY/logs/btc-updown-5m-1783006500_v53.json,,179734,2026-07-09T17:28:59Z,excluded,pre_v8,,,,
btc-updown-5m-1783006800_v53.json,AUTOPSY/logs/btc-updown-5m-1783006800_v53.json,,176554,2026-07-09T17:28:59Z,excluded,pre_v8,,,,
btc-updown-5m-1783007100_v53.json,AUTOPSY/logs/btc-updown-5m-1783007100_v53.json,,177729,2026-07-09T17:28:59Z,excluded,pre_v8,,,,
btc-updown-5m-1783008900_v53.json,AUTOPSY/logs/btc-updown-5m-1783008900_v53.json,,179021,2026-07-09T17:28:59Z,excluded,pre_v8,,,,
btc-updown-5m-1783009200_v53.json,AUTOPSY/logs/btc-updown-5m-1783009200_v53.json,,178319,2026-07-09T17:28:59Z,excluded,pre_v8,,,,
btc-updown-5m-1783009500_v53.json,AUTOPSY/logs/btc-updown-5m-1783009500_v53.json,,179923,2026-07-09T17:28:59Z,excluded,pre_v8,,,,
btc-updown-5m-1783010100_v53.json,AUTOPSY/logs/btc-updown-5m-1783010100_v53.json,,171128,2026-07-09T17:28:59Z,excluded,pre_v8,,,,
btc-updown-5m-1783012800_v53.json,AUTOPSY/logs/btc-updown-5m-1783012800_v53.json,,176804,2026-07-09T17:28:59Z,excluded,pre_v8,,,,
btc-updown-5m-1783013100_v53.json,AUTOPSY/logs/btc-updown-5m-1783013100_v53.json,,178638,2026-07-09T17:28:59Z,excluded,pre_v8,,,,
btc-updown-5m-1783013400_v53.json,AUTOPSY/logs/btc-updown-5m-1783013400_v53.json,,178037,2026-07-09T17:28:59Z,excluded,pre_v8,,,,
btc-updown-5m-1783013700_v53.json,AUTOPSY/logs/btc-updown-5m-1783013700_v53.json,,177869,2026-07-09T17:28:59Z,excluded,pre_v8,,,,
btc-updown-5m-1783014000_v53.json,AUTOPSY/logs/btc-updown-5m-1783014000_v53.json,,174159,2026-07-09T17:28:59Z,excluded,pre_v8,,,,
btc-updown-5m-1783014300_v53.json,AUTOPSY/logs/btc-updown-5m-1783014300_v53.json,,178315,2026-07-09T17:28:59Z,excluded,pre_v8,,,,
btc-updown-5m-1783014600_v53.json,AUTOPSY/logs/btc-updown-5m-1783014600_v53.json,,176173,2026-07-09T17:28:59Z,excluded,pre_v8,,,,
btc-updown-5m-1783014900_v53.json,AUTOPSY/logs/btc-updown-5m-1783014900_v53.json,,174421,2026-07-09T17:28:59Z,excluded,pre_v8,,,,
btc-updown-5m-1783015200_v53.json,AUTOPSY/logs/btc-updown-5m-1783015200_v53.json,,170988,2026-07-09T17:28:59Z,excluded,pre_v8,,,,
btc-updown-5m-1783016400_v53.json,AUTOPSY/logs/btc-updown-5m-1783016400_v53.json,,176274,2026-07-09T17:28:59Z,excluded,pre_v8,,,,
btc-updown-5m-1783016700_v53.json,AUTOPSY/logs/btc-updown-5m-1783016700_v53.json,,175090,2026-07-09T17:28:59Z,excluded,pre_v8,,,,
btc-updown-5m-1783017000_v53.json,AUTOPSY/logs/btc-updown-5m-1783017000_v53.json,,177124,2026-07-09T17:28:59Z,excluded,pre_v8,,,,
btc-updown-5m-1783018200_v53.json,AUTOPSY/logs/btc-updown-5m-1783018200_v53.json,,164483,2026-07-09T17:28:59Z,excluded,pre_v8,,,,
btc-updown-5m-1783018500_v53.json,AUTOPSY/logs/btc-updown-5m-1783018500_v53.json,,169600,2026-07-09T17:28:59Z,excluded,pre_v8,,,,
btc-updown-5m-1783018800_v53.json,AUTOPSY/logs/btc-updown-5m-1783018800_v53.json,,173723,2026-07-09T17:28:59Z,excluded,pre_v8,,,,
btc-updown-5m-1783020600_v53.json,AUTOPSY/logs/btc-updown-5m-1783020600_v53.json,,177837,2026-07-09T17:28:59Z,excluded,pre_v8,,,,
btc-updown-5m-1783025400_v53.json,AUTOPSY/logs/btc-updown-5m-1783025400_v53.json,,349169,2026-07-09T17:28:59Z,excluded,pre_v8,,,,
btc-updown-5m-1783025700_v53.json,AUTOPSY/logs/btc-updown-5m-1783025700_v53.json,,354209,2026-07-09T17:28:59Z,excluded,pre_v8,,,,
btc-updown-5m-1783026000_v53.json,AUTOPSY/logs/btc-updown-5m-1783026000_v53.json,,353937,2026-07-09T17:28:59Z,excluded,pre_v8,,,,
btc-updown-5m-1783026300_v53.json,AUTOPSY/logs/btc-updown-5m-1783026300_v53.json,,355194,2026-07-09T17:28:59Z,excluded,pre_v8,,,,
btc-updown-5m-1783026900_v53.json,AUTOPSY/logs/btc-updown-5m-1783026900_v53.json,,348835,2026-07-09T17:28:59Z,excluded,pre_v8,,,,
btc-updown-5m-1783027500_v53.json,AUTOPSY/logs/btc-updown-5m-1783027500_v53.json,,317957,2026-07-09T17:28:59Z,excluded,pre_v8,,,,
btc-updown-5m-1783029000_v53.json,AUTOPSY/logs/btc-updown-5m-1783029000_v53.json,,358776,2026-07-09T17:28:59Z,excluded,pre_v8,,,,
btc-updown-5m-1783032300_v53.json,AUTOPSY/logs/btc-updown-5m-1783032300_v53.json,,345007,2026-07-09T17:28:59Z,excluded,pre_v8,,,,
btc-updown-5m-1783032600_v53.json,AUTOPSY/logs/btc-updown-5m-1783032600_v53.json,,355185,2026-07-09T17:28:59Z,excluded,pre_v8,,,,
btc-updown-5m-1783032900_v53.json,AUTOPSY/logs/btc-updown-5m-1783032900_v53.json,,351791,2026-07-09T17:28:59Z,excluded,pre_v8,,,,
btc-updown-5m-1783033200_v53.json,AUTOPSY/logs/btc-updown-5m-1783033200_v53.json,,351210,2026-07-09T17:28:59Z,excluded,pre_v8,,,,
btc-updown-5m-1783034400_v53.json,AUTOPSY/logs/btc-updown-5m-1783034400_v53.json,,352136,2026-07-09T17:28:59Z,excluded,pre_v8,,,,
btc-updown-5m-1783039200_v53.json,AUTOPSY/logs/btc-updown-5m-1783039200_v53.json,,173577,2026-07-09T17:28:59Z,excluded,pre_v8,,,,
btc-updown-5m-1783039500_v53.json,AUTOPSY/logs/btc-updown-5m-1783039500_v53.json,,175787,2026-07-09T17:28:59Z,excluded,pre_v8,,,,
btc-updown-5m-1783039800_v53.json,AUTOPSY/logs/btc-updown-5m-1783039800_v53.json,,175065,2026-07-09T17:28:59Z,excluded,pre_v8,,,,
btc-updown-5m-1783040100_v53.json,AUTOPSY/logs/btc-updown-5m-1783040100_v53.json,,177987,2026-07-09T17:28:59Z,excluded,pre_v8,,,,
btc-updown-5m-1783040400_v53.json,AUTOPSY/logs/btc-updown-5m-1783040400_v53.json,,174628,2026-07-09T17:28:59Z,excluded,pre_v8,,,,
btc-updown-5m-1783040700_v53.json,AUTOPSY/logs/btc-updown-5m-1783040700_v53.json,,177049,2026-07-09T17:28:59Z,excluded,pre_v8,,,,
btc-updown-5m-1783041000_v53.json,AUTOPSY/logs/btc-updown-5m-1783041000_v53.json,,176913,2026-07-09T17:28:59Z,excluded,pre_v8,,,,
btc-updown-5m-1783091700_v53.json,AUTOPSY/logs/btc-updown-5m-1783091700_v53.json,,179934,2026-07-09T17:28:59Z,excluded,pre_v8,,,,
btc-updown-5m-1783092000_v53.json,AUTOPSY/logs/btc-updown-5m-1783092000_v53.json,,177045,2026-07-09T17:28:59Z,excluded,pre_v8,,,,
btc-updown-5m-1783092600_v53.json,AUTOPSY/logs/btc-updown-5m-1783092600_v53.json,,176180,2026-07-09T17:28:59Z,excluded,pre_v8,,,,
btc-updown-5m-1783092900_v53.json,AUTOPSY/logs/btc-updown-5m-1783092900_v53.json,,176431,2026-07-09T17:28:59Z,excluded,pre_v8,,,,
btc-updown-5m-1783093200_v53.json,AUTOPSY/logs/btc-updown-5m-1783093200_v53.json,,180141,2026-07-09T17:28:59Z,excluded,pre_v8,,,,
btc-updown-5m-1783093500_v53.json,AUTOPSY/logs/btc-updown-5m-1783093500_v53.json,,177798,2026-07-09T17:28:59Z,excluded,pre_v8,,,,
btc-updown-5m-1783182300_v53.json,AUTOPSY/logs/btc-updown-5m-1783182300_v53.json,,177030,2026-07-09T17:28:59Z,excluded,pre_v8,,,,
btc-updown-5m-1783182600_v53.json,AUTOPSY/logs/btc-updown-5m-1783182600_v53.json,,176636,2026-07-09T17:28:59Z,excluded,pre_v8,,,,
btc-updown-5m-1783182900_v53.json,AUTOPSY/logs/btc-updown-5m-1783182900_v53.json,,175367,2026-07-09T17:28:59Z,excluded,pre_v8,,,,
btc-updown-5m-1783183200_v53.json,AUTOPSY/logs/btc-updown-5m-1783183200_v53.json,,176529,2026-07-09T17:28:59Z,excluded,pre_v8,,,,
btc-updown-5m-1783183500_v53.json,AUTOPSY/logs/btc-updown-5m-1783183500_v53.json,,176300,2026-07-09T17:28:59Z,excluded,pre_v8,,,,
btc-updown-5m-1783183800_v53.json,AUTOPSY/logs/btc-updown-5m-1783183800_v53.json,,175290,2026-07-09T17:28:59Z,excluded,pre_v8,,,,
btc-updown-5m-1783184100_v53.json,AUTOPSY/logs/btc-updown-5m-1783184100_v53.json,,177325,2026-07-09T17:28:59Z,excluded,pre_v8,,,,
btc-updown-5m-1783184400_v53.json,AUTOPSY/logs/btc-updown-5m-1783184400_v53.json,,178207,2026-07-09T17:28:59Z,excluded,pre_v8,,,,
btc-updown-5m-1783184700_v53.json,AUTOPSY/logs/btc-updown-5m-1783184700_v53.json,,178310,2026-07-09T17:28:59Z,excluded,pre_v8,,,,
btc-updown-5m-1783185300_v53.json,AUTOPSY/logs/btc-updown-5m-1783185300_v53.json,,175710,2026-07-09T17:28:59Z,excluded,pre_v8,,,,
btc-updown-5m-1783185600_v53.json,AUTOPSY/logs/btc-updown-5m-1783185600_v53.json,,173272,2026-07-09T17:28:59Z,excluded,pre_v8,,,,
btc-updown-5m-1783185900_v53.json,AUTOPSY/logs/btc-updown-5m-1783185900_v53.json,,175196,2026-07-09T17:28:59Z,excluded,pre_v8,,,,
btc-updown-5m-1783186200_v53.json,AUTOPSY/logs/btc-updown-5m-1783186200_v53.json,,177858,2026-07-09T17:28:59Z,excluded,pre_v8,,,,
btc-updown-5m-1783186500_v53.json,AUTOPSY/logs/btc-updown-5m-1783186500_v53.json,,179013,2026-07-09T17:28:59Z,excluded,pre_v8,,,,
btc-updown-5m-1783186800_v53.json,AUTOPSY/logs/btc-updown-5m-1783186800_v53.json,,176719,2026-07-09T17:28:59Z,excluded,pre_v8,,,,
btc-updown-5m-1783187100_v53.json,AUTOPSY/logs/btc-updown-5m-1783187100_v53.json,,179108,2026-07-09T17:28:59Z,excluded,pre_v8,,,,
btc-updown-5m-1783188300_v53.json,AUTOPSY/logs/btc-updown-5m-1783188300_v53.json,,176194,2026-07-09T17:28:59Z,excluded,pre_v8,,,,
btc-updown-5m-1783188600_v53.json,AUTOPSY/logs/btc-updown-5m-1783188600_v53.json,,176921,2026-07-09T17:28:59Z,excluded,pre_v8,,,,
btc-updown-5m-1783188900_v53.json,AUTOPSY/logs/btc-updown-5m-1783188900_v53.json,,176759,2026-07-09T17:28:59Z,excluded,pre_v8,,,,
btc-updown-5m-1783189200_v53.json,AUTOPSY/logs/btc-updown-5m-1783189200_v53.json,,176603,2026-07-09T17:28:59Z,excluded,pre_v8,,,,
btc-updown-5m-1783189500_v53.json,AUTOPSY/logs/btc-updown-5m-1783189500_v53.json,,177075,2026-07-09T17:28:59Z,excluded,pre_v8,,,,
btc-updown-5m-1783223100_v54.json,AUTOPSY/logs/btc-updown-5m-1783223100_v54.json,,175676,2026-07-09T17:28:59Z,excluded,pre_v8,,,,
btc-updown-5m-1783223400_v54.json,AUTOPSY/logs/btc-updown-5m-1783223400_v54.json,,176308,2026-07-09T17:28:59Z,excluded,pre_v8,,,,
btc-updown-5m-1783224300_v54.json,AUTOPSY/logs/btc-updown-5m-1783224300_v54.json,,176006,2026-07-09T17:28:59Z,excluded,pre_v8,,,,
btc-updown-5m-1783224600_v54.json,AUTOPSY/logs/btc-updown-5m-1783224600_v54.json,,175002,2026-07-09T17:28:59Z,excluded,pre_v8,,,,
btc-updown-5m-1783224900_v54.json,AUTOPSY/logs/btc-updown-5m-1783224900_v54.json,,176397,2026-07-09T17:28:59Z,excluded,pre_v8,,,,
btc-updown-5m-1783225200_v54.json,AUTOPSY/logs/btc-updown-5m-1783225200_v54.json,,176541,2026-07-09T17:28:59Z,excluded,pre_v8,,,,
btc-updown-5m-1783225500_v54.json,AUTOPSY/logs/btc-updown-5m-1783225500_v54.json,,175181,2026-07-09T17:28:59Z,excluded,pre_v8,,,,
btc-updown-5m-1783279200_v6.json,AUTOPSY/logs/btc-updown-5m-1783279200_v6.json,bca6c62386f336ad52304552f44dfdc985a7256c2bbca1a58008f00c119e7dd2,201772,2026-07-10T15:39:13Z,included,,btc,5m,1783279200,v6
btc-updown-5m-1783279500_v6.json,AUTOPSY/logs/btc-updown-5m-1783279500_v6.json,48d8d76e3b36118a2ef54e623f1b4e35933935db07dee77de2fde203bb5349c4,215185,2026-07-10T15:39:13Z,included,,btc,5m,1783279500,v6
btc-updown-5m-1783279800_v6.json,AUTOPSY/logs/btc-updown-5m-1783279800_v6.json,7a0ba65880ce3bfb63378e8f6629431d27376a88cb5ced6452e3313960e78798,212297,2026-07-10T15:39:13Z,included,,btc,5m,1783279800,v6
btc-updown-5m-1783280100_v6.json,AUTOPSY/logs/btc-updown-5m-1783280100_v6.json,ca71e1add459c6a6c09e25fbba992cb4972434aa823b808f6420f7b777b51758,198925,2026-07-10T15:39:13Z,included,,btc,5m,1783280100,v6
btc-updown-5m-1783281900_v6.json,AUTOPSY/logs/btc-updown-5m-1783281900_v6.json,53b91e182209f40d6504955cc4526337d364ed0c96eb316cd3b2d22d804f222a,206233,2026-07-10T15:39:13Z,included,,btc,5m,1783281900,v6
btc-updown-5m-1783282500_v6.json,AUTOPSY/logs/btc-updown-5m-1783282500_v6.json,9b67f64758881cbf5b7581cd766866b7e900647633c96041e32424cbeee2a25b,209449,2026-07-10T15:39:13Z,included,,btc,5m,1783282500,v6
btc-updown-5m-1783283400_v6.json,AUTOPSY/logs/btc-updown-5m-1783283400_v6.json,239afa5e8aac6f098bc3846ec51a80acabf739389693af54024d628ca2012728,196950,2026-07-10T15:39:13Z,included,,btc,5m,1783283400,v6
btc-updown-5m-1783283700_v6.json,AUTOPSY/logs/btc-updown-5m-1783283700_v6.json,027444a2cfa3695baa089c62b638b9ad119d888b6c098b01a02d2d96566d4d47,198696,2026-07-10T15:39:13Z,included,,btc,5m,1783283700,v6
btc-updown-5m-1783284000_v6.json,AUTOPSY/logs/btc-updown-5m-1783284000_v6.json,9e210fbd52ce401b64782be0ac0e7e49e41cb68a8e36f4d97ac4f404e62cd63d,193289,2026-07-10T15:39:13Z,included,,btc,5m,1783284000,v6
btc-updown-5m-1783284300_v6.json,AUTOPSY/logs/btc-updown-5m-1783284300_v6.json,ec9a5b14aeb8b90f801b43c8340cdd1b27b7931b7b0c78ad7519e32e56dbfcdc,208061,2026-07-10T15:39:13Z,excluded,settlement_conflict,btc,5m,1783284300,v6
btc-updown-5m-1783344900_v6.json,AUTOPSY/logs/btc-updown-5m-1783344900_v6.json,903019a793c81c88734c73a7cdfb24572ec5a6f8a8a0c1741285d6d1d31e2916,200221,2026-07-10T15:39:13Z,included,,btc,5m,1783344900,v6
btc-updown-5m-1783345200_v6.json,AUTOPSY/logs/btc-updown-5m-1783345200_v6.json,7925aab702ad3b83873a3db94874d95d3c166e5c540a56554e5eb7cc7eea9610,216162,2026-07-10T15:39:13Z,included,,btc,5m,1783345200,v6
btc-updown-5m-1783345500_v6.json,AUTOPSY/logs/btc-updown-5m-1783345500_v6.json,497fe07dd78cfde6568b68fe5872432f49cd81088f8ef7b796cbfe31c02a0dc0,220248,2026-07-10T15:39:13Z,included,,btc,5m,1783345500,v6
btc-updown-5m-1783345800_v6.json,AUTOPSY/logs/btc-updown-5m-1783345800_v6.json,8cceb47a5214dadc439a113be59ac1567f8eb9ab28dffb2c9cb4502b4d5aecc8,218464,2026-07-10T15:39:13Z,included,,btc,5m,1783345800,v6
btc-updown-5m-1783346100_v6.json,AUTOPSY/logs/btc-updown-5m-1783346100_v6.json,4df68412ca6365eaab386c991ae52d9f17f5cf25eafdfb468aa2de9d10e2b48a,216519,2026-07-10T15:39:13Z,included,,btc,5m,1783346100,v6
btc-updown-5m-1783346400_v6.json,AUTOPSY/logs/btc-updown-5m-1783346400_v6.json,aef09c33a29c9da446eab59b3b74bf2e5f03f279edebe65fa3f04cf61bfdb26f,219890,2026-07-10T15:39:13Z,included,,btc,5m,1783346400,v6
btc-updown-5m-1783347000_v6.json,AUTOPSY/logs/btc-updown-5m-1783347000_v6.json,07620b2c417ca3f8c41a589bcc5ed1d1fe8cae1779923cc77d1aa7d1467a82f1,212291,2026-07-10T15:39:13Z,included,,btc,5m,1783347000,v6
btc-updown-5m-1783347300_v6.json,AUTOPSY/logs/btc-updown-5m-1783347300_v6.json,3305973207c94f5e38270e7d1724b29fdcc8511c7a93a7ca3ba8f83867aca9f8,215537,2026-07-10T15:39:13Z,included,,btc,5m,1783347300,v6
btc-updown-5m-1783347600_v6.json,AUTOPSY/logs/btc-updown-5m-1783347600_v6.json,a10fb4af94281f613e8077af0c51403d248f4e2eecc8d98bd33aa1a3c8cb8a1a,218447,2026-07-10T15:39:13Z,included,,btc,5m,1783347600,v6
btc-updown-5m-1783347900_v6.json,AUTOPSY/logs/btc-updown-5m-1783347900_v6.json,f0b0743be5b619fd7aeb4b9a5837d86724f7c5bc7a20c03e93de90c442167422,219680,2026-07-10T15:39:13Z,included,,btc,5m,1783347900,v6
btc-updown-5m-1783348200_v6.json,AUTOPSY/logs/btc-updown-5m-1783348200_v6.json,b493775beda7cb4a0216570b4a174db52af5491fc07b0d81df555e9fc25bc58f,215455,2026-07-10T15:39:13Z,included,,btc,5m,1783348200,v6
btc-updown-5m-1783366500_v6.json,AUTOPSY/logs/btc-updown-5m-1783366500_v6.json,e5f305463e1b4b6ca407791b8c4d196e6e5eb0d21fa4c2c4d6e22d72c42232e1,213987,2026-07-10T15:39:13Z,included,,btc,5m,1783366500,v6
btc-updown-5m-1783366800_v6.json,AUTOPSY/logs/btc-updown-5m-1783366800_v6.json,ba4e865be7f2c326e04c43811a8429b3b47211ec69cdff7da97c8e04e4234596,214670,2026-07-10T15:39:13Z,included,,btc,5m,1783366800,v6
btc-updown-5m-1783367100_v6.json,AUTOPSY/logs/btc-updown-5m-1783367100_v6.json,d3876e317f2ba6b48cdd2b5a1ae50ce216e4ef50c42954847e02ea145400e251,210837,2026-07-10T15:39:13Z,included,,btc,5m,1783367100,v6
btc-updown-5m-1783367400_v6.json,AUTOPSY/logs/btc-updown-5m-1783367400_v6.json,87c702036c49024cd7af5a0d458224d05e6c502f1dc6146efe8d9b5a8bfabca4,208604,2026-07-10T15:39:13Z,included,,btc,5m,1783367400,v6
btc-updown-5m-1783367700_v6.json,AUTOPSY/logs/btc-updown-5m-1783367700_v6.json,f9518a1a197787681f5dc6172d8ae352a6c2c9de4c5fe607055d54f8f0660b0a,215886,2026-07-10T15:39:13Z,excluded,settlement_conflict,btc,5m,1783367700,v6
btc-updown-5m-1783368000_v6.json,AUTOPSY/logs/btc-updown-5m-1783368000_v6.json,a1d6861a3ab5033deabc5ef2421ce21e892ff841741d5fcb03b97b079462ef74,224939,2026-07-10T15:39:13Z,included,,btc,5m,1783368000,v6
btc-updown-5m-1783368300_v6.json,AUTOPSY/logs/btc-updown-5m-1783368300_v6.json,4fbf095f296b48cff367e4c152c19ff66ab2c87ca1870dd2b7bcda2978aa52a5,208667,2026-07-10T15:39:13Z,excluded,settlement_conflict,btc,5m,1783368300,v6
btc-updown-5m-1783368600_v6.json,AUTOPSY/logs/btc-updown-5m-1783368600_v6.json,d6247d45a86d3222e198c4572ce7cb0f3fd229ebd7a3344b4db1ce955eab3410,199281,2026-07-10T15:39:13Z,included,,btc,5m,1783368600,v6
btc-updown-5m-1783368900_v6.json,AUTOPSY/logs/btc-updown-5m-1783368900_v6.json,d76b8db89ad778c231f425aaa569c5e5e9a87e56855e8a1bbcb77168a38f3985,210825,2026-07-10T15:39:13Z,included,,btc,5m,1783368900,v6
btc-updown-5m-1783369200_v6.json,AUTOPSY/logs/btc-updown-5m-1783369200_v6.json,f9ab19ffdff2ebe9087c10e77a9fff7c4dc0bd8e466757630c85e313ecce6a87,214215,2026-07-10T15:39:13Z,included,,btc,5m,1783369200,v6
btc-updown-5m-1783369500_v6.json,AUTOPSY/logs/btc-updown-5m-1783369500_v6.json,449762dcd72308eba82a642b60a5e2d517e32f138f41a800f4b40da446a63375,221088,2026-07-10T15:39:13Z,included,,btc,5m,1783369500,v6
btc-updown-5m-1783369800_v6.json,AUTOPSY/logs/btc-updown-5m-1783369800_v6.json,17b15bdb2e6e69fa50b47acbc56dda10d24f846e96c18e1a41ca692eecb224dc,218239,2026-07-10T15:39:13Z,included,,btc,5m,1783369800,v6
btc-updown-5m-1783370100_v6.json,AUTOPSY/logs/btc-updown-5m-1783370100_v6.json,3b80f7e1425f82fc5ae77f0c18df049123278c23815b9219eaa8ff49eab06959,219764,2026-07-10T15:39:13Z,excluded,settlement_conflict,btc,5m,1783370100,v6
btc-updown-5m-1783370400_v6.json,AUTOPSY/logs/btc-updown-5m-1783370400_v6.json,81d42f173eb982265eacebed8424d4054d1c33229ea16ddc048a22222376065d,209430,2026-07-10T15:39:13Z,included,,btc,5m,1783370400,v6
btc-updown-5m-1783370700_v6.json,AUTOPSY/logs/btc-updown-5m-1783370700_v6.json,b33520fb739092ce53498dd4c7929829824e043368a7a470d8846a023c967122,220185,2026-07-10T15:39:13Z,included,,btc,5m,1783370700,v6
btc-updown-5m-1783371000_v6.json,AUTOPSY/logs/btc-updown-5m-1783371000_v6.json,78e549e805f8ab8fa4611213cde155002a6617beb58ebf3535723a9b750cb514,214980,2026-07-10T15:39:13Z,included,,btc,5m,1783371000,v6
btc-updown-5m-1783371300_v6.json,AUTOPSY/logs/btc-updown-5m-1783371300_v6.json,7faa1a81c9a20f2c0dfa4867b3e5da731936c4f06f2241172c3a34cd71643381,219144,2026-07-10T15:39:13Z,included,,btc,5m,1783371300,v6
btc-updown-5m-1783371600_v6.json,AUTOPSY/logs/btc-updown-5m-1783371600_v6.json,f4f03ad7a829dbdb1e3aef0cddf5a8a93ab08bfca822cca67166dad6fa75a0bf,206058,2026-07-10T15:39:13Z,included,,btc,5m,1783371600,v6
btc-updown-5m-1783374600_v6.json,AUTOPSY/logs/btc-updown-5m-1783374600_v6.json,af6a3be2d93c32079e885c2cd2fa9077b22a02d4f2cffb8778e3c0da348c9afd,211292,2026-07-10T15:39:13Z,included,,btc,5m,1783374600,v6
btc-updown-5m-1783378500_v6.json,AUTOPSY/logs/btc-updown-5m-1783378500_v6.json,705be80966d54766c357e6b1d75f5c3f225d416b875b6e176314363478402991,215969,2026-07-10T15:39:13Z,included,,btc,5m,1783378500,v6
btc-updown-5m-1783379100_v6.json,AUTOPSY/logs/btc-updown-5m-1783379100_v6.json,acc12f74f4f85895075e037cc3a7970578ef1048fa5dfed47910e1bdeb0117c0,207429,2026-07-10T15:39:13Z,included,,btc,5m,1783379100,v6
btc-updown-5m-1783379700_v6.json,AUTOPSY/logs/btc-updown-5m-1783379700_v6.json,9ba8bdaf66796c0e31d43aab36561da9ff1d43d787a683904d81430e390a0e8d,211952,2026-07-10T15:39:13Z,included,,btc,5m,1783379700,v6
btc-updown-5m-1783380000_v6.json,AUTOPSY/logs/btc-updown-5m-1783380000_v6.json,dff79ec1dc943312c56750391071390bcc24315abfb01ed40fc36674b115954d,220482,2026-07-10T15:39:13Z,included,,btc,5m,1783380000,v6
btc-updown-5m-1783380300_v6.json,AUTOPSY/logs/btc-updown-5m-1783380300_v6.json,749d7a6b05a747b77a2a0d6fed056365f321acaed116c9391b7c1365bf5221e5,201583,2026-07-10T15:39:13Z,included,,btc,5m,1783380300,v6
btc-updown-5m-1783380600_v6.json,AUTOPSY/logs/btc-updown-5m-1783380600_v6.json,45a288db9108f0ef2157e5e713e6a3698f25aeb8feaf876b00b6c64b07c54071,202777,2026-07-10T15:39:13Z,included,,btc,5m,1783380600,v6
btc-updown-5m-1783380900_v6.json,AUTOPSY/logs/btc-updown-5m-1783380900_v6.json,61d7d4e012b980072c432cce4dc82a3928ad6638604112a1b3832790f136ba0b,211797,2026-07-10T15:39:13Z,included,,btc,5m,1783380900,v6
btc-updown-5m-1783381200_v6.json,AUTOPSY/logs/btc-updown-5m-1783381200_v6.json,36a076a5f274242a7730b40e87978557c6e2e0c59421969fd9a03a130c421fea,218035,2026-07-10T15:39:13Z,included,,btc,5m,1783381200,v6
btc-updown-5m-1783381500_v6.json,AUTOPSY/logs/btc-updown-5m-1783381500_v6.json,a5d28ebbab695d396d3906179842b2d230d563a73e61a1294cb0d4d29502c7da,211082,2026-07-10T15:39:13Z,included,,btc,5m,1783381500,v6
btc-updown-5m-1783384500_v6.json,AUTOPSY/logs/btc-updown-5m-1783384500_v6.json,1026aa94434a96239d165586f6a259ca1188a933dc44fd5e439a516b223bcdd0,217127,2026-07-10T15:39:13Z,included,,btc,5m,1783384500,v6
btc-updown-5m-1783385100_v6.json,AUTOPSY/logs/btc-updown-5m-1783385100_v6.json,ed964db9b4d3cb3d79e742b0f0f0c6e2b191b4955d13528bd4f9f09e156e6b60,218974,2026-07-10T15:39:13Z,included,,btc,5m,1783385100,v6
btc-updown-5m-1783385400_v6.json,AUTOPSY/logs/btc-updown-5m-1783385400_v6.json,cd2f3b4474a7d1d18f93ec9469bf9535373a69e962f02b2d5092da93df523dff,214645,2026-07-10T15:39:13Z,included,,btc,5m,1783385400,v6
btc-updown-5m-1783385700_v6.json,AUTOPSY/logs/btc-updown-5m-1783385700_v6.json,ec1722ad479f7ff7020112af92ddd9855a21c8bd5ab9e1e196619ce9e72322aa,215906,2026-07-10T15:39:13Z,included,,btc,5m,1783385700,v6
btc-updown-5m-1783386000_v6.json,AUTOPSY/logs/btc-updown-5m-1783386000_v6.json,263e81ed0fd0351f2bde4b6a4ff9ecc07072ef7d6a921164e5b6bdd5efddb43e,221969,2026-07-10T15:39:13Z,included,,btc,5m,1783386000,v6
btc-updown-5m-1783386300_v6.json,AUTOPSY/logs/btc-updown-5m-1783386300_v6.json,f118057c3184ba0a6cc2d0f17de63aebf6d335a7260a75fea9c0ac2d274ef199,217127,2026-07-10T15:39:13Z,included,,btc,5m,1783386300,v6
btc-updown-5m-1783386600_v6.json,AUTOPSY/logs/btc-updown-5m-1783386600_v6.json,0ae63ad786bdf7e1cf0459ea41d0951c8fc41a3dd5c407d666530219c931c1ea,214367,2026-07-10T15:39:13Z,included,,btc,5m,1783386600,v6
btc-updown-5m-1783386900_v6.json,AUTOPSY/logs/btc-updown-5m-1783386900_v6.json,d9dee5527fe116cf6cf007b0beebdc4b2052709f3105b74dfe7675bf3e776dff,213717,2026-07-10T15:39:13Z,included,,btc,5m,1783386900,v6
btc-updown-5m-1783387200_v6.json,AUTOPSY/logs/btc-updown-5m-1783387200_v6.json,66047bdebe0c4eceaf401b7489c16768aec4668072f94ae201c18ff744ae33ef,215873,2026-07-10T15:39:13Z,included,,btc,5m,1783387200,v6
btc-updown-5m-1783387500_v6.json,AUTOPSY/logs/btc-updown-5m-1783387500_v6.json,348af315533003762b434d51a67ed89d7c3eaf63ae8851054c3e2a4476b08f0f,215823,2026-07-10T15:39:13Z,included,,btc,5m,1783387500,v6
btc-updown-5m-1783387800_v6.json,AUTOPSY/logs/btc-updown-5m-1783387800_v6.json,f10b09cb5293bc05d0542fb1d69eb87c0082b583f2b49c2c6ef9f41b1d7d61ee,202838,2026-07-10T15:39:13Z,included,,btc,5m,1783387800,v6
btc-updown-5m-1783388100_v6.json,AUTOPSY/logs/btc-updown-5m-1783388100_v6.json,f980e9817ea54f7d0e42593523bc9901e9b865691ad41386031d2edef3bd75ca,218001,2026-07-10T15:39:13Z,included,,btc,5m,1783388100,v6
btc-updown-5m-1783388400_v6.json,AUTOPSY/logs/btc-updown-5m-1783388400_v6.json,4bdf526a2bf9e62ab48200c98f276915e236187e6d4d81813c88ce1743e27380,211309,2026-07-10T15:39:13Z,included,,btc,5m,1783388400,v6
btc-updown-5m-1783388700_v6.json,AUTOPSY/logs/btc-updown-5m-1783388700_v6.json,9372a5b85c6c4360d612d091667049bb0dc0f48683845385b1734752c832ecce,216362,2026-07-10T15:39:13Z,included,,btc,5m,1783388700,v6
btc-updown-5m-1783389000_v6.json,AUTOPSY/logs/btc-updown-5m-1783389000_v6.json,b074c245aa0caa2e593dc73c84b5fd6547d6334d1754d5b49fa24a6a41a12954,210334,2026-07-10T15:39:13Z,included,,btc,5m,1783389000,v6
btc-updown-5m-1783389300_v6.json,AUTOPSY/logs/btc-updown-5m-1783389300_v6.json,98695e447bb9a1dc8ca007af04bd76b483c0024484dccd2a95a2f395216ae67d,223157,2026-07-10T15:39:13Z,included,,btc,5m,1783389300,v6
btc-updown-5m-1783389600_v6.json,AUTOPSY/logs/btc-updown-5m-1783389600_v6.json,ce19cc3a6f8607d2a7f80a5a730db2ec2bb71374f52e6fbe05e26424696d2057,215384,2026-07-10T15:39:13Z,included,,btc,5m,1783389600,v6
btc-updown-5m-1783389900_v6.json,AUTOPSY/logs/btc-updown-5m-1783389900_v6.json,058ba5629bee75e65dc132d738807df783950865201a96e74afe7fec1d007bd6,213215,2026-07-10T15:39:13Z,included,,btc,5m,1783389900,v6
btc-updown-5m-1783390200_v6.json,AUTOPSY/logs/btc-updown-5m-1783390200_v6.json,f063e169a6de2724743d0f7ccb3096627e09696c89ff4616a90110f045d25daf,217793,2026-07-10T15:39:13Z,included,,btc,5m,1783390200,v6
btc-updown-5m-1783390500_v6.json,AUTOPSY/logs/btc-updown-5m-1783390500_v6.json,f066d56ad711c52a46ef4cc18e057a6c9a7fc44dd799dcc4797cb58219183e78,214473,2026-07-10T15:39:13Z,included,,btc,5m,1783390500,v6
btc-updown-5m-1783419000_v6.json,AUTOPSY/logs/btc-updown-5m-1783419000_v6.json,bfafe7f2fd4aeaee30a2dacd28fa124d491916fb15545a6649744348c86862ed,202877,2026-07-10T15:39:13Z,included,,btc,5m,1783419000,v6
btc-updown-5m-1783419300_v6.json,AUTOPSY/logs/btc-updown-5m-1783419300_v6.json,8e1fe474d0f2e9b9fbc517ddb489a8dc2a02ded6bed2fb393116e93e97a61012,215201,2026-07-10T15:39:13Z,included,,btc,5m,1783419300,v6
btc-updown-5m-1783419600_v6.json,AUTOPSY/logs/btc-updown-5m-1783419600_v6.json,e5c8ae9d5fb2a792b917f4397c1f43aba495ce4a8bccdeabefa3e86a983b5675,220341,2026-07-10T15:39:13Z,included,,btc,5m,1783419600,v6
btc-updown-5m-1783419900_v6.json,AUTOPSY/logs/btc-updown-5m-1783419900_v6.json,d3a78bf8ceb48b0dc3cb0d5aad13d04aa88f4919a75ae9af73d490a962718960,210807,2026-07-10T15:39:13Z,included,,btc,5m,1783419900,v6
btc-updown-5m-1783420200_v6.json,AUTOPSY/logs/btc-updown-5m-1783420200_v6.json,dd2ce2fa9fcd03e8c7f8c82a3e754a22388ce2f24e413d171c856590dff57bfd,220166,2026-07-10T15:39:13Z,included,,btc,5m,1783420200,v6
btc-updown-5m-1783420500_v6.json,AUTOPSY/logs/btc-updown-5m-1783420500_v6.json,248e4123db1a6b9fa395e8f646673cafd93379301e88b2017ceda8b616e21a0a,212972,2026-07-10T15:39:13Z,included,,btc,5m,1783420500,v6
btc-updown-5m-1783428600_v6.json,AUTOPSY/logs/btc-updown-5m-1783428600_v6.json,0ea5c2b7884544ac25ab9cb69d0faa87454d8a4244c05d7d95eeef7ff24f15ef,216731,2026-07-10T15:39:13Z,included,,btc,5m,1783428600,v6
btc-updown-5m-1783428900_v6.json,AUTOPSY/logs/btc-updown-5m-1783428900_v6.json,494a7440d1e378ed76919bfb46ece5e32563baaa35dfcf06988a240bd53bc974,212473,2026-07-10T15:39:13Z,included,,btc,5m,1783428900,v6
btc-updown-5m-1783429200_v6.json,AUTOPSY/logs/btc-updown-5m-1783429200_v6.json,fd340cd4e82a81a3fcd0c07cd85c19baa0e5647e24eb7bb19a1345d6ab768105,219009,2026-07-10T15:39:13Z,included,,btc,5m,1783429200,v6
btc-updown-5m-1783429500_v6.json,AUTOPSY/logs/btc-updown-5m-1783429500_v6.json,b8327139f941d87905a19c65e2ba95c54e9c9f0c669ce023857446b1a1db18de,209129,2026-07-10T15:39:13Z,included,,btc,5m,1783429500,v6
btc-updown-5m-1783429800_v6.json,AUTOPSY/logs/btc-updown-5m-1783429800_v6.json,25eba2cb13e11510f807e69ff2a872c4f97ac6621d5b8db1ebec3bacb7f3bc5b,217245,2026-07-10T15:39:13Z,included,,btc,5m,1783429800,v6
btc-updown-5m-1783430100_v6.json,AUTOPSY/logs/btc-updown-5m-1783430100_v6.json,3882263ea71dcd328a56336594524e0724f62a01825c5decec970518a36ae9da,218966,2026-07-10T15:39:13Z,included,,btc,5m,1783430100,v6
btc-updown-5m-1783430400_v6.json,AUTOPSY/logs/btc-updown-5m-1783430400_v6.json,2dda05a60503d7da5cec636e11dc0b45943d788bfedf1c8d4d8307f148559dbe,218351,2026-07-10T15:39:13Z,included,,btc,5m,1783430400,v6
btc-updown-5m-1783430700_v6.json,AUTOPSY/logs/btc-updown-5m-1783430700_v6.json,65fc1b02a618db7ae52cf0692c8977b2cb25b5449bf0fb96edfbceba565db7b3,218389,2026-07-10T15:39:13Z,included,,btc,5m,1783430700,v6
btc-updown-5m-1783431000_v6.json,AUTOPSY/logs/btc-updown-5m-1783431000_v6.json,c74c087a0c420e6252a48ba75cc40613b9be05d7099bfc4349680618b123d668,219834,2026-07-10T15:39:13Z,included,,btc,5m,1783431000,v6
btc-updown-5m-1783431300_v6.json,AUTOPSY/logs/btc-updown-5m-1783431300_v6.json,be39200277b4f5c8221c8debd5b5b4e32392b15ebede69203863ca08b3f9bd25,218968,2026-07-10T15:39:13Z,included,,btc,5m,1783431300,v6
btc-updown-5m-1783431600_v6.json,AUTOPSY/logs/btc-updown-5m-1783431600_v6.json,1446984adcfbf1f49155ad041836144c14f4ff235a7c115c96b32aff7ab558f9,216114,2026-07-10T15:39:13Z,included,,btc,5m,1783431600,v6
btc-updown-5m-1783432200_v6.json,AUTOPSY/logs/btc-updown-5m-1783432200_v6.json,8e69f6ee8623327a3228a2e6a1eafbb828d6a50394e7cc5f8b6e35ac1adc57ff,208496,2026-07-10T15:39:13Z,included,,btc,5m,1783432200,v6
btc-updown-5m-1783432500_v6.json,AUTOPSY/logs/btc-updown-5m-1783432500_v6.json,a454f048f1b717efe51084afb0d1f91e00f25a68493a5ce7510fe19aaa1f66f5,218416,2026-07-10T15:39:13Z,excluded,settlement_conflict,btc,5m,1783432500,v6
btc-updown-5m-1783432800_v6.json,AUTOPSY/logs/btc-updown-5m-1783432800_v6.json,0a97150004d64c64560d10018b14153ac400e18c6803273d61b7a8b577de0d72,211988,2026-07-10T15:39:13Z,included,,btc,5m,1783432800,v6
btc-updown-5m-1783455900_v7s.json,AUTOPSY/logs/btc-updown-5m-1783455900_v7s.json,b0ffd7f5f2fd437e2c563221e0c4df7ef85825a4fda9266637e42dd69e374b5f,207558,2026-07-10T15:39:13Z,included,,btc,5m,1783455900,v7s
btc-updown-5m-1783456200_v7s.json,AUTOPSY/logs/btc-updown-5m-1783456200_v7s.json,4836c9459326911401fc22ba49bfcc76568aa6a503200551c1a2b01303db41ef,215999,2026-07-10T15:39:13Z,included,,btc,5m,1783456200,v7s
btc-updown-5m-1783456500_v7s.json,AUTOPSY/logs/btc-updown-5m-1783456500_v7s.json,320378432c69ef4237fafa488cf0c6b4be4c3f07f76ff96c298b314a730d030c,208591,2026-07-10T15:39:13Z,included,,btc,5m,1783456500,v7s
btc-updown-5m-1783457700_v7s.json,AUTOPSY/logs/btc-updown-5m-1783457700_v7s.json,f053fa60933cbf0120e2fa0395e0876c9f8b1071fa98073c8609162ae3fce10c,213863,2026-07-10T15:39:13Z,included,,btc,5m,1783457700,v7s
btc-updown-5m-1783458000_v7s.json,AUTOPSY/logs/btc-updown-5m-1783458000_v7s.json,1ad3796d000cd433b65c85c6aa8998b062921d4f84ddeb9b82cd9f348abd913b,217923,2026-07-10T15:39:13Z,included,,btc,5m,1783458000,v7s
btc-updown-5m-1783458300_v7s.json,AUTOPSY/logs/btc-updown-5m-1783458300_v7s.json,585d34ed2d278fedea574ae93cf00e2c75f9aca20e4ff9a163c274095fafb2fb,212143,2026-07-10T15:39:13Z,included,,btc,5m,1783458300,v7s
btc-updown-5m-1783458600_v7s.json,AUTOPSY/logs/btc-updown-5m-1783458600_v7s.json,06c6b2f0d334ed1234e380f4ffee88f826a1a1f50ff4e88f7fe0a3f9fe97e9ea,217108,2026-07-10T15:39:13Z,included,,btc,5m,1783458600,v7s
btc-updown-5m-1783458900_v7s.json,AUTOPSY/logs/btc-updown-5m-1783458900_v7s.json,f708aef775d537f4c1aabc8807bdc784658cbc46259b0d612dba353ec239d5ed,224133,2026-07-10T15:39:13Z,included,,btc,5m,1783458900,v7s
btc-updown-5m-1783459200_v7s.json,AUTOPSY/logs/btc-updown-5m-1783459200_v7s.json,5ce3afb40abc30410f171e4de3998713e49235d215f616050bb38d1d462be565,220169,2026-07-10T15:39:13Z,included,,btc,5m,1783459200,v7s
btc-updown-5m-1783459500_v7s.json,AUTOPSY/logs/btc-updown-5m-1783459500_v7s.json,b147e770763beb27b7426d05cd83c15e64880cd6df16f2e7c0bd971113d6a968,215457,2026-07-10T15:39:13Z,included,,btc,5m,1783459500,v7s
btc-updown-5m-1783463700_v7s.json,AUTOPSY/logs/btc-updown-5m-1783463700_v7s.json,4ab79b0cfcffb489bd8f0bae14978c2cb3c47410a90348e78a50d25ebea9598d,218095,2026-07-10T15:39:13Z,included,,btc,5m,1783463700,v7s
btc-updown-5m-1783464000_v7s.json,AUTOPSY/logs/btc-updown-5m-1783464000_v7s.json,36741d379272e45781b8413fad5f71cdee7f14af685dfcbc99a179f961a37887,201504,2026-07-10T15:39:13Z,included,,btc,5m,1783464000,v7s
btc-updown-5m-1783464300_v7s.json,AUTOPSY/logs/btc-updown-5m-1783464300_v7s.json,9f48bf89c4f4daecf4312d6e8a3df0a01c24e96aeae1fccfc90dc9627127515c,217673,2026-07-10T15:39:13Z,included,,btc,5m,1783464300,v7s
btc-updown-5m-1783464600_v7s.json,AUTOPSY/logs/btc-updown-5m-1783464600_v7s.json,c8d4588b913e91a9277af5d5b4791d5d9268d79dace081b18d75969253016227,218609,2026-07-10T15:39:13Z,included,,btc,5m,1783464600,v7s
btc-updown-5m-1783464900_v7s.json,AUTOPSY/logs/btc-updown-5m-1783464900_v7s.json,53f0787b02e7dbb348f26e7c4680608ae5b160668e7f9968a3f3d4644185e845,209239,2026-07-10T15:39:13Z,excluded,settlement_conflict,btc,5m,1783464900,v7s
btc-updown-5m-1783465200_v7s.json,AUTOPSY/logs/btc-updown-5m-1783465200_v7s.json,fd7ec6857501a87284f2684662e9a70914bfd9c75eeffdb9af6bae08fcbe78e9,217620,2026-07-10T15:39:13Z,excluded,settlement_conflict,btc,5m,1783465200,v7s
btc-updown-5m-1783465500_v7s.json,AUTOPSY/logs/btc-updown-5m-1783465500_v7s.json,5f28727b2cfba9d731a39b32aa9688ca6d7472fba0d0286f0631f46f179edbcd,221198,2026-07-10T15:39:13Z,included,,btc,5m,1783465500,v7s
btc-updown-5m-1783465800_v7s.json,AUTOPSY/logs/btc-updown-5m-1783465800_v7s.json,f4620c3cccaf7a8092daa050499d2797305aff9179bfbb8b8d4f6feae36cd7ae,208986,2026-07-10T15:39:13Z,included,,btc,5m,1783465800,v7s
btc-updown-5m-1783466100_v7s.json,AUTOPSY/logs/btc-updown-5m-1783466100_v7s.json,4bb283de3531ab2b33b5de02f337478a071b1b6d38e33ad312cb5da05caa0fe9,215729,2026-07-10T15:39:13Z,included,,btc,5m,1783466100,v7s
btc-updown-5m-1783466400_v7s.json,AUTOPSY/logs/btc-updown-5m-1783466400_v7s.json,4532741f79a5df9242e05a11f1ea6a79bb394ee67806eebf9f947b8609aa7b8c,219030,2026-07-10T15:39:13Z,included,,btc,5m,1783466400,v7s
btc-updown-5m-1783466700_v7s.json,AUTOPSY/logs/btc-updown-5m-1783466700_v7s.json,dbe268af836474402112aa925ad5120f8705e5a2203d0969bfcf52a211016a35,213286,2026-07-10T15:39:13Z,excluded,settlement_conflict,btc,5m,1783466700,v7s
btc-updown-5m-1783467000_v7s.json,AUTOPSY/logs/btc-updown-5m-1783467000_v7s.json,54c47c803a34086f7a584897d2f964d030d91cfd1b07c618d4a480bb0d92432e,210393,2026-07-10T15:39:13Z,included,,btc,5m,1783467000,v7s
btc-updown-5m-1783467300_v7s.json,AUTOPSY/logs/btc-updown-5m-1783467300_v7s.json,c344c56ad2bc088c565dbd73e560bcedb88cee3292e55ce6239fb7b52b7ff043,218067,2026-07-10T15:39:13Z,excluded,settlement_conflict,btc,5m,1783467300,v7s
btc-updown-5m-1783467600_v7s.json,AUTOPSY/logs/btc-updown-5m-1783467600_v7s.json,afbd2089c8c34c070aa707fc6f74baabb4b35505a234f035a387105df797ec35,216081,2026-07-10T15:39:13Z,included,,btc,5m,1783467600,v7s
btc-updown-5m-1783467900_v7s.json,AUTOPSY/logs/btc-updown-5m-1783467900_v7s.json,365992efb0b2005044340db61c623c92e557d89332af152d2fff0d09e4f4a1c9,215859,2026-07-10T15:39:13Z,included,,btc,5m,1783467900,v7s
btc-updown-5m-1783468200_v7s.json,AUTOPSY/logs/btc-updown-5m-1783468200_v7s.json,4376834edfc7bc92e88f1980cd8d9868fe278b2e3660ac8951d0f4c728bbd162,221561,2026-07-10T15:39:13Z,included,,btc,5m,1783468200,v7s
btc-updown-5m-1783468500_v7s.json,AUTOPSY/logs/btc-updown-5m-1783468500_v7s.json,ea87344b5f47aad3f00987e82bcf58fd60f32e226cadf58c0135cfc504ea5129,219672,2026-07-10T15:39:13Z,included,,btc,5m,1783468500,v7s
btc-updown-5m-1783468800_v7s.json,AUTOPSY/logs/btc-updown-5m-1783468800_v7s.json,73991f25aed6cf5fdf48ed7e0bd38819479ec03caafa7daa086877d300c35bf2,218689,2026-07-10T15:39:13Z,included,,btc,5m,1783468800,v7s
btc-updown-5m-1783469100_v7s.json,AUTOPSY/logs/btc-updown-5m-1783469100_v7s.json,6f4cbee8df12d9abb6259ec4b728eb8f14efd00939a595be47e32a9d01f6aa3d,213318,2026-07-10T15:39:13Z,excluded,settlement_conflict,btc,5m,1783469100,v7s
btc-updown-5m-1783470900_v7s.json,AUTOPSY/logs/btc-updown-5m-1783470900_v7s.json,5d289506a0f8fa843dd42fb25051fc36f52960d0ec03c0f1eee54331d93fc5f1,213748,2026-07-10T15:39:13Z,included,,btc,5m,1783470900,v7s
btc-updown-5m-1783471200_v7s.json,AUTOPSY/logs/btc-updown-5m-1783471200_v7s.json,8dea51ca859e42e28f01151a4dc7396031a33fcc4400a2fe7559a1edb1d2ae12,217502,2026-07-10T15:39:13Z,included,,btc,5m,1783471200,v7s
btc-updown-5m-1783471500_v7s.json,AUTOPSY/logs/btc-updown-5m-1783471500_v7s.json,dd6d82a3450722ea9a3de5d3d4c39824d8b5999f5732632772b1b5348bd2f005,215053,2026-07-10T15:39:13Z,included,,btc,5m,1783471500,v7s
btc-updown-5m-1783471800_v7s.json,AUTOPSY/logs/btc-updown-5m-1783471800_v7s.json,1f5727cfaa10cb8115ff7f55a5e7382b9c270fa3f03e915439d382f7604f9e8d,219853,2026-07-10T15:39:13Z,included,,btc,5m,1783471800,v7s
btc-updown-5m-1783472100_v7s.json,AUTOPSY/logs/btc-updown-5m-1783472100_v7s.json,818e8705cb622cb75b1941969335fb9313682cc2b71059ceab451f36f3a531ac,212651,2026-07-10T15:39:13Z,excluded,settlement_conflict,btc,5m,1783472100,v7s
btc-updown-5m-1783472400_v7s.json,AUTOPSY/logs/btc-updown-5m-1783472400_v7s.json,832f2b8aec2b7dad79a7022b9d6168fe9017b58fa21ebfca0e0d9c36d0840ff3,214211,2026-07-10T15:39:13Z,included,,btc,5m,1783472400,v7s
btc-updown-5m-1783472700_v7s.json,AUTOPSY/logs/btc-updown-5m-1783472700_v7s.json,02c40f598cd315ffdb85cec8b6b36e7d799a5dec0f5f5e570453f884f5dfd0bc,219251,2026-07-10T15:39:13Z,included,,btc,5m,1783472700,v7s
btc-updown-5m-1783473000_v7s.json,AUTOPSY/logs/btc-updown-5m-1783473000_v7s.json,6e442a543a50376808cbeb1e7ffa7dab692c4ded673b2a883aa8c97f841efa36,217510,2026-07-10T15:39:13Z,included,,btc,5m,1783473000,v7s
btc-updown-5m-1783473300_v7s.json,AUTOPSY/logs/btc-updown-5m-1783473300_v7s.json,b93cb9e2bff07d08308823679611ec3c03c226205b6fd136817ac7cb70d5af07,220617,2026-07-10T15:39:13Z,included,,btc,5m,1783473300,v7s
btc-updown-5m-1783473600_v7s.json,AUTOPSY/logs/btc-updown-5m-1783473600_v7s.json,0565fe7685a3f09d7a75817f19e77ed9c9ff08cee3e2c4b74efd52c00fd1db7f,212476,2026-07-10T15:39:13Z,included,,btc,5m,1783473600,v7s
btc-updown-5m-1783473900_v7s.json,AUTOPSY/logs/btc-updown-5m-1783473900_v7s.json,4ec1aa69a50e9ce3a134726130a2ca64546ca21b79da02783fab8c1f8cc1262b,215010,2026-07-10T15:39:13Z,included,,btc,5m,1783473900,v7s
btc-updown-5m-1783474200_v7s.json,AUTOPSY/logs/btc-updown-5m-1783474200_v7s.json,be420e6f783a503ab833bf04e71c0f9548ebdbec56b34f123313ba6981362535,214083,2026-07-10T15:39:13Z,included,,btc,5m,1783474200,v7s
btc-updown-5m-1783474500_v7s.json,AUTOPSY/logs/btc-updown-5m-1783474500_v7s.json,f5e7b59091904b9e2d7177467a4c948877e88440eeae23a1a5ec5aa8d2ccc183,220849,2026-07-10T15:39:13Z,included,,btc,5m,1783474500,v7s
btc-updown-5m-1783474800_v7s.json,AUTOPSY/logs/btc-updown-5m-1783474800_v7s.json,903cc187df2a8d656205d2dcf1d5a9b71b0c89058d8d4bb663656bc41dd15e6f,217432,2026-07-10T15:39:13Z,included,,btc,5m,1783474800,v7s
btc-updown-5m-1783475100_v7s.json,AUTOPSY/logs/btc-updown-5m-1783475100_v7s.json,d181578cc2ad6d50a7d5e68926f531aeca33ece8cbb0f847044d61bf295d52b3,217012,2026-07-10T15:39:13Z,included,,btc,5m,1783475100,v7s
btc-updown-5m-1783475400_v7s.json,AUTOPSY/logs/btc-updown-5m-1783475400_v7s.json,437616e1b9bc9ce412d81e6fec9bb241375c73e1518e38e6d6bacd9092aa0f92,209899,2026-07-10T15:39:13Z,included,,btc,5m,1783475400,v7s
btc-updown-5m-1783475700_v7s.json,AUTOPSY/logs/btc-updown-5m-1783475700_v7s.json,8d7a9c397552fca301b495c4ebeeeca42c46c657ad2070c51a6c1e395f78968a,221213,2026-07-10T15:39:13Z,included,,btc,5m,1783475700,v7s
btc-updown-5m-1783476000_v7s.json,AUTOPSY/logs/btc-updown-5m-1783476000_v7s.json,db8aeb66492ab1857fb4013d6406e31d9b25abc0b712ef8e92d87cb63dcd03c0,224193,2026-07-10T15:39:13Z,included,,btc,5m,1783476000,v7s
btc-updown-5m-1783476300_v7s.json,AUTOPSY/logs/btc-updown-5m-1783476300_v7s.json,ad3a03166a1ec26d78446d87ba028b13aa4b2014ad17c291f95d1eebb54368a3,214839,2026-07-10T15:39:13Z,included,,btc,5m,1783476300,v7s
btc-updown-5m-1783476600_v7s.json,AUTOPSY/logs/btc-updown-5m-1783476600_v7s.json,01b03b1a5b667ebbe2c7edd6f19c711fef64519c89fadaf3450e6e4fa5497d98,216892,2026-07-10T15:39:13Z,included,,btc,5m,1783476600,v7s
btc-updown-5m-1783478400_v7s.json,AUTOPSY/logs/btc-updown-5m-1783478400_v7s.json,bcec06b36416be36b7aa66af70525dcc0af89bec51fe0db1ba0ef99d8b1a9f48,221695,2026-07-10T15:39:13Z,included,,btc,5m,1783478400,v7s
btc-updown-5m-1783478700_v7s.json,AUTOPSY/logs/btc-updown-5m-1783478700_v7s.json,5bb4e389355ea339b470d390911960b7870f20d4155d7b57e4f8b6483ad596ac,216344,2026-07-10T15:39:13Z,included,,btc,5m,1783478700,v7s
btc-updown-5m-1783479000_v7s.json,AUTOPSY/logs/btc-updown-5m-1783479000_v7s.json,9aa0e2b98d5d9ccaa52414524881c944fa769955a8338cacdfb9a5871e43b1b3,218336,2026-07-10T15:39:13Z,included,,btc,5m,1783479000,v7s
btc-updown-5m-1783479300_v7s.json,AUTOPSY/logs/btc-updown-5m-1783479300_v7s.json,ae3178dae37d837c9b6f5c6390b540ae2588249ebbe4b1679b46d6e149248286,216442,2026-07-10T15:39:13Z,included,,btc,5m,1783479300,v7s
btc-updown-5m-1783479600_v7s.json,AUTOPSY/logs/btc-updown-5m-1783479600_v7s.json,9a86e933d6c78d1fa337687bc46792b8a6f08a542d0802abce90e129e44d1366,215479,2026-07-10T15:39:13Z,included,,btc,5m,1783479600,v7s
btc-updown-5m-1783479900_v7s.json,AUTOPSY/logs/btc-updown-5m-1783479900_v7s.json,c52dc14c8442c450795750cd77315ae8ff3d84814b9390f9c767cf8f46c2796c,217478,2026-07-10T15:39:13Z,included,,btc,5m,1783479900,v7s
btc-updown-5m-1783480200_v7s.json,AUTOPSY/logs/btc-updown-5m-1783480200_v7s.json,a57481854afcd105f6b2c3d50b5951c7b28056a8bed52f000ca562e241c50dfd,216424,2026-07-10T15:39:13Z,included,,btc,5m,1783480200,v7s
btc-updown-5m-1783480500_v7s.json,AUTOPSY/logs/btc-updown-5m-1783480500_v7s.json,2bc55a1a9b42f9c4aca9fe4097123b9017ee91450538e14a500489ba8c4ebc87,217871,2026-07-10T15:39:13Z,included,,btc,5m,1783480500,v7s
btc-updown-5m-1783480800_v7s.json,AUTOPSY/logs/btc-updown-5m-1783480800_v7s.json,a641e72749fd299dfe74ceb81bac21eaf4c0b135d741f45fc5ed0b752f6b3cd9,219953,2026-07-10T15:39:13Z,included,,btc,5m,1783480800,v7s
btc-updown-5m-1783481100_v7s.json,AUTOPSY/logs/btc-updown-5m-1783481100_v7s.json,9c3245ad8d110ed8776ea7bf10c697dfc2053cb7e5deb0a68a520288e8bd073a,216657,2026-07-10T15:39:13Z,included,,btc,5m,1783481100,v7s
btc-updown-5m-1783481400_v7s.json,AUTOPSY/logs/btc-updown-5m-1783481400_v7s.json,2bb6274be988ba7cc64907a2627eb1523a6fc59f09f81c9de9aae5d266b53fdc,220780,2026-07-10T15:39:13Z,included,,btc,5m,1783481400,v7s
btc-updown-5m-1783481700_v7s.json,AUTOPSY/logs/btc-updown-5m-1783481700_v7s.json,1dc08989f5302ee76a58bfdec1075cee33a11739cc211ef7ea0712f927b5cd2d,218216,2026-07-10T15:39:13Z,included,,btc,5m,1783481700,v7s
btc-updown-5m-1783482000_v7s.json,AUTOPSY/logs/btc-updown-5m-1783482000_v7s.json,01988bb92bc7d75f582816bf245d05def1bb04c9d11fc2aeb54af7db2585a2f6,205410,2026-07-10T15:39:13Z,included,,btc,5m,1783482000,v7s
btc-updown-5m-1783482300_v7s.json,AUTOPSY/logs/btc-updown-5m-1783482300_v7s.json,a83d251fee1c03207bd284769a40ed463348f6566408a33928bef48f0690b41d,218469,2026-07-10T15:39:13Z,included,,btc,5m,1783482300,v7s
btc-updown-5m-1783482600_v7s.json,AUTOPSY/logs/btc-updown-5m-1783482600_v7s.json,91e2322ac65747dbf110eb5e15f55651fad11be283558140ae648fa3fd236270,223137,2026-07-10T15:39:13Z,included,,btc,5m,1783482600,v7s
btc-updown-5m-1783482900_v7s.json,AUTOPSY/logs/btc-updown-5m-1783482900_v7s.json,164b106298848c4be61d4a65b3185afdc0e4bad4fb46ceb2a81298d427d75541,218918,2026-07-10T15:39:13Z,included,,btc,5m,1783482900,v7s
btc-updown-5m-1783483200_v7s.json,AUTOPSY/logs/btc-updown-5m-1783483200_v7s.json,db899f031859f561ca1314b1bb32ababa1d2c2ad96f2f25ba79753127a7a1435,214454,2026-07-10T15:39:13Z,included,,btc,5m,1783483200,v7s
btc-updown-5m-1783483500_v7s.json,AUTOPSY/logs/btc-updown-5m-1783483500_v7s.json,4b09cc98e208ee69d285cacac8c6911d18c418c9173ab662bf93daecd6b461c9,219262,2026-07-10T15:39:13Z,included,,btc,5m,1783483500,v7s
btc-updown-5m-1783483800_v7s.json,AUTOPSY/logs/btc-updown-5m-1783483800_v7s.json,b7388d99e79e1006980423a1fcf74fd7b9d0404c69b590ee13efd9e6ba653a7d,214110,2026-07-10T15:39:13Z,included,,btc,5m,1783483800,v7s
btc-updown-5m-1783486500_v7s.json,AUTOPSY/logs/btc-updown-5m-1783486500_v7s.json,cd9d32460a70c9c167ab42bec787b8cdc24469a6878692a957210142fc259a38,212399,2026-07-10T15:39:13Z,included,,btc,5m,1783486500,v7s
btc-updown-5m-1783486800_v7s.json,AUTOPSY/logs/btc-updown-5m-1783486800_v7s.json,ccdf705eee452d48938e1b6b4c197280d1020b79a971da3fc097a625ac84519a,211663,2026-07-10T15:39:13Z,included,,btc,5m,1783486800,v7s
btc-updown-5m-1783487100_v7s.json,AUTOPSY/logs/btc-updown-5m-1783487100_v7s.json,b3c85f68e9d2c3b14ca7289c23e0a12bd0cfea58af7e3d56c17d4e1df60adf29,215263,2026-07-10T15:39:13Z,included,,btc,5m,1783487100,v7s
btc-updown-5m-1783487400_v7s.json,AUTOPSY/logs/btc-updown-5m-1783487400_v7s.json,e1b3592a114b83087e7c69c0fbe3491c28236adefbf0040968eb305015f622f9,214068,2026-07-10T15:39:13Z,included,,btc,5m,1783487400,v7s
btc-updown-5m-1783487700_v7s.json,AUTOPSY/logs/btc-updown-5m-1783487700_v7s.json,747000d99759385c08d33006c34530f74071dc295e9cbf18a72bb10eca01fcf7,207855,2026-07-10T15:39:13Z,included,,btc,5m,1783487700,v7s
btc-updown-5m-1783488000_v7s.json,AUTOPSY/logs/btc-updown-5m-1783488000_v7s.json,85e1b85a6d0e7ac0f0c95ab23d2d0b5b33586ba4e2c85ff2acf6f71cab146874,215591,2026-07-10T15:39:13Z,included,,btc,5m,1783488000,v7s
btc-updown-5m-1783488300_v7s.json,AUTOPSY/logs/btc-updown-5m-1783488300_v7s.json,5f9eb63320bd0e3e1d9c9ad162bb6e5614d4b1d10ad912aa4ba0442dca2d9e5c,211778,2026-07-10T15:39:13Z,included,,btc,5m,1783488300,v7s
btc-updown-5m-1783488600_v7s.json,AUTOPSY/logs/btc-updown-5m-1783488600_v7s.json,3f8e22bd780719deb9751b5174f16cef1cbcef8993039c5243c8698b9e653ec6,212115,2026-07-10T15:39:13Z,included,,btc,5m,1783488600,v7s
btc-updown-5m-1783488900_v7s.json,AUTOPSY/logs/btc-updown-5m-1783488900_v7s.json,3411ba9f7ea339c79b1e0ca82b842c19e32eb29eb0ac68acb81011645b3ca3b5,216804,2026-07-10T15:39:13Z,included,,btc,5m,1783488900,v7s
btc-updown-5m-1783491000_v7s.json,AUTOPSY/logs/btc-updown-5m-1783491000_v7s.json,4e82a5a62742e8f39ac49e171cff549fd765a9bd92bd5b3e3c409e55d81a48a6,210989,2026-07-10T15:39:13Z,excluded,settlement_conflict,btc,5m,1783491000,v7s
btc-updown-5m-1783491300_v7s.json,AUTOPSY/logs/btc-updown-5m-1783491300_v7s.json,53f9f7c07ed0f1a19c60dd4175338ea747a1b289b5e93a4905fd16889d718723,218441,2026-07-10T15:39:13Z,included,,btc,5m,1783491300,v7s
btc-updown-5m-1783491600_v7s.json,AUTOPSY/logs/btc-updown-5m-1783491600_v7s.json,7c91af091feda0f802042f736b566a5a1d662495aa3ffd422c0abd2ee32dbe8b,218563,2026-07-10T15:39:13Z,included,,btc,5m,1783491600,v7s
btc-updown-5m-1783491900_v7s.json,AUTOPSY/logs/btc-updown-5m-1783491900_v7s.json,06efd7480c28b3d34265973cd189280772315e23d09f9b7c0425560e31162757,212764,2026-07-10T15:39:13Z,included,,btc,5m,1783491900,v7s
btc-updown-5m-1783492200_v7s.json,AUTOPSY/logs/btc-updown-5m-1783492200_v7s.json,cf68fe77455718e7fda48ed3ee06cc583bcc1fcdfaaac7d5f5d0863f70f2fc57,215421,2026-07-10T15:39:13Z,included,,btc,5m,1783492200,v7s
btc-updown-5m-1783492500_v7s.json,AUTOPSY/logs/btc-updown-5m-1783492500_v7s.json,345882cd0d0c0500ed24cae220b4060842b89b68c127306125df27f3250335cf,211704,2026-07-10T15:39:13Z,included,,btc,5m,1783492500,v7s
btc-updown-5m-1783492800_v7s.json,AUTOPSY/logs/btc-updown-5m-1783492800_v7s.json,f73d16ec346525357582747c96d6d020f9c0c4d4ae9c6333f55b2b84f3b5f8ba,217280,2026-07-10T15:39:13Z,included,,btc,5m,1783492800,v7s
btc-updown-5m-1783493100_v7s.json,AUTOPSY/logs/btc-updown-5m-1783493100_v7s.json,57ea352897bb37548cf0c772d4a05df05e91a9446281405d7ec6596e278e2667,215543,2026-07-10T15:39:13Z,included,,btc,5m,1783493100,v7s
btc-updown-5m-1783493700_v8.json,AUTOPSY/logs/btc-updown-5m-1783493700_v8.json,654002532f8bb67cb45927f590124dc3fbcc060d1b4959e50585c51ff9201c3a,195106,2026-07-09T17:28:59Z,included,,btc,5m,1783493700,v8
btc-updown-5m-1783494000_v8.json,AUTOPSY/logs/btc-updown-5m-1783494000_v8.json,4ab2c15b6b197ab92ecd5613883898ff2739eea0216149556f6e9c11a26d19bf,195205,2026-07-09T17:28:59Z,included,,btc,5m,1783494000,v8
btc-updown-5m-1783494300_v8.json,AUTOPSY/logs/btc-updown-5m-1783494300_v8.json,fe717c8fac8ac7251a657a8b07243ccf374fb91a8b25b32cb33e7fea07ed0102,194408,2026-07-09T17:28:59Z,included,,btc,5m,1783494300,v8
btc-updown-5m-1783494600_v8.json,AUTOPSY/logs/btc-updown-5m-1783494600_v8.json,bb78bb60d53a3b252d4ff1c2a55fd1e464c1b6875a03e9f53e943f6d4da680fc,193262,2026-07-09T17:28:59Z,included,,btc,5m,1783494600,v8
btc-updown-5m-1783494900_v8.json,AUTOPSY/logs/btc-updown-5m-1783494900_v8.json,c6d1f4cb9b518782d3f880c8a5a031dbebec87c88b52a34b023e7c7beeb323f3,194430,2026-07-09T17:28:59Z,included,,btc,5m,1783494900,v8
btc-updown-5m-1783495200_v8.json,AUTOPSY/logs/btc-updown-5m-1783495200_v8.json,2fccffd1227bd8267dd7d945fefa0eb4b6d2147b99580d07ad80cd57b1281a76,191033,2026-07-09T17:28:59Z,included,,btc,5m,1783495200,v8
btc-updown-5m-1783495500_v8.json,AUTOPSY/logs/btc-updown-5m-1783495500_v8.json,134f54726a95bdc46046fbc12b958f5d23d2644d834741ed5371d713856642aa,194714,2026-07-09T17:28:59Z,included,,btc,5m,1783495500,v8
btc-updown-5m-1783495800_v8.json,AUTOPSY/logs/btc-updown-5m-1783495800_v8.json,10bf4de854192ad25e930f8dd1015997920d74058b1875d8732db6ad86378a31,191905,2026-07-09T17:28:59Z,included,,btc,5m,1783495800,v8
btc-updown-5m-1783496100_v8.json,AUTOPSY/logs/btc-updown-5m-1783496100_v8.json,45789cd4de75ff9909b491d19d6f650bec7b41f3983de71d9c6eeed467c0356f,192953,2026-07-09T17:28:59Z,included,,btc,5m,1783496100,v8
btc-updown-5m-1783496400_v8.json,AUTOPSY/logs/btc-updown-5m-1783496400_v8.json,8a82af8b969e15275393da69d02fb60f28943f1dab4b37021d1da0ac76d9159c,192170,2026-07-09T17:28:59Z,included,,btc,5m,1783496400,v8
btc-updown-5m-1783496700_v8.json,AUTOPSY/logs/btc-updown-5m-1783496700_v8.json,2de51d475c0c685e3be085f3311a8e2437e780f12bff55fdeedb08c55602410e,194087,2026-07-09T17:28:59Z,included,,btc,5m,1783496700,v8
btc-updown-5m-1783497000_v8.json,AUTOPSY/logs/btc-updown-5m-1783497000_v8.json,5f487366c244b4e4322dde7d3e6096c9ebeac1d6b6330ca7295ad4a2e812f346,193320,2026-07-09T17:28:59Z,included,,btc,5m,1783497000,v8
btc-updown-5m-1783497300_v8.json,AUTOPSY/logs/btc-updown-5m-1783497300_v8.json,3d009f31bf13da7889f1f74880cc08dcae89499e866c8bcabd9690a0e4ca9418,191806,2026-07-09T17:28:59Z,included,,btc,5m,1783497300,v8
btc-updown-5m-1783497600_v8.json,AUTOPSY/logs/btc-updown-5m-1783497600_v8.json,133d62698f908c5ab502d8b6df7c42655d40baacb13be54d15ae9dea144d2725,192429,2026-07-09T17:28:59Z,included,,btc,5m,1783497600,v8
btc-updown-5m-1783497900_v8.json,AUTOPSY/logs/btc-updown-5m-1783497900_v8.json,7fb5bf2b5b1977dcc9f021f6075cdc95c55a94830592870e3ceb913934f1cb3b,194344,2026-07-09T17:28:59Z,included,,btc,5m,1783497900,v8
btc-updown-5m-1783498200_v8.json,AUTOPSY/logs/btc-updown-5m-1783498200_v8.json,2b340603baab4af74e22e853ebfe2dc18de6ed758cd7504ccfc92794c6ed896b,194792,2026-07-09T17:28:59Z,included,,btc,5m,1783498200,v8
btc-updown-5m-1783498500_v8.json,AUTOPSY/logs/btc-updown-5m-1783498500_v8.json,3d2472daba0e907f29d2f8736648bb4dd1e11ed8622ddf4c004ae6290c4c8a96,197828,2026-07-09T17:28:59Z,included,,btc,5m,1783498500,v8
btc-updown-5m-1783498800_v8.json,AUTOPSY/logs/btc-updown-5m-1783498800_v8.json,40b73f11a3287d378c7f3d41c63ccd1a24799f21fa7895217b02fd117dd6682d,196948,2026-07-09T17:28:59Z,included,,btc,5m,1783498800,v8
btc-updown-5m-1783499100_v8.json,AUTOPSY/logs/btc-updown-5m-1783499100_v8.json,bb643fc703d7db6c3cc1d8e4934e458bb1c5632066a7c6efc8f6f5f98bb8ad34,197372,2026-07-09T17:28:59Z,included,,btc,5m,1783499100,v8
btc-updown-5m-1783499400_v8.json,AUTOPSY/logs/btc-updown-5m-1783499400_v8.json,f138afbe2afd40d70a1039e5ffbff7ae9c14fb080dfd16678f076e0ee6517bec,196292,2026-07-09T17:28:59Z,included,,btc,5m,1783499400,v8
btc-updown-5m-1783499700_v8.json,AUTOPSY/logs/btc-updown-5m-1783499700_v8.json,249aecf53077901d777fda7c20554b1296c180ce42ca3f346508e58f09fa1b61,196923,2026-07-09T17:28:59Z,included,,btc,5m,1783499700,v8
btc-updown-5m-1783500000_v8.json,AUTOPSY/logs/btc-updown-5m-1783500000_v8.json,4bf3781157eba84b48180a217096be23a9bfcaa134f0b669dc4d9408a8e61150,196235,2026-07-09T17:28:59Z,included,,btc,5m,1783500000,v8
btc-updown-5m-1783500300_v8.json,AUTOPSY/logs/btc-updown-5m-1783500300_v8.json,79d60fb9569025a69535ff12e4ae25626746c303cf5e26b15faae16f6510568e,195598,2026-07-09T17:28:59Z,included,,btc,5m,1783500300,v8
btc-updown-5m-1783500600_v8.json,AUTOPSY/logs/btc-updown-5m-1783500600_v8.json,989bfa0ff5b12183aca57063103dff1727d190c21d112ef6cbe56e9087d215dc,193732,2026-07-09T17:28:59Z,included,,btc,5m,1783500600,v8
btc-updown-5m-1783500900_v8.json,AUTOPSY/logs/btc-updown-5m-1783500900_v8.json,fd2721309aaca75fa6805658f96d30f497980544360ec6d1248d20b74106113e,195396,2026-07-09T17:28:59Z,included,,btc,5m,1783500900,v8
btc-updown-5m-1783501200_v8.json,AUTOPSY/logs/btc-updown-5m-1783501200_v8.json,449f8fb8165bb6561acaccfd740f6753902fcbea6bc1d5d07ccfedbe123f93c0,193677,2026-07-09T17:28:59Z,included,,btc,5m,1783501200,v8
btc-updown-5m-1783501500_v8.json,AUTOPSY/logs/btc-updown-5m-1783501500_v8.json,2a1be52457738c5201eeb28fbc65bfa0776a2db766699cd182905ec857ade349,195058,2026-07-09T17:28:59Z,included,,btc,5m,1783501500,v8
btc-updown-5m-1783501800_v8.json,AUTOPSY/logs/btc-updown-5m-1783501800_v8.json,08a476d5327cf786c05729597bf58807afd97da1b8c07eb295708cdffe0b34fd,195471,2026-07-09T17:28:59Z,included,,btc,5m,1783501800,v8
btc-updown-5m-1783502100_v8.json,AUTOPSY/logs/btc-updown-5m-1783502100_v8.json,f3ea8ad5add43afab1dca8a93462c6aff0d53681b28800f220ff40e8062c36cd,195252,2026-07-09T17:28:59Z,included,,btc,5m,1783502100,v8
btc-updown-5m-1783502400_v8.json,AUTOPSY/logs/btc-updown-5m-1783502400_v8.json,f964fd2eabe2fbeaf4ced35350f9dd77990a49a7ec7395e05379edd30ee61f36,194970,2026-07-09T17:28:59Z,included,,btc,5m,1783502400,v8
btc-updown-5m-1783502700_v8.json,AUTOPSY/logs/btc-updown-5m-1783502700_v8.json,3add1e200c2fa344bf452dc0044e908282ea73e00508ccaf8741110de2f9644c,194450,2026-07-09T17:28:59Z,included,,btc,5m,1783502700,v8
btc-updown-5m-1783503000_v8.json,AUTOPSY/logs/btc-updown-5m-1783503000_v8.json,99e827ad407b1bbc71118f4971d729146d076183922c51dd46876ae43ad43a76,196400,2026-07-09T17:28:59Z,included,,btc,5m,1783503000,v8
btc-updown-5m-1783503300_v8.json,AUTOPSY/logs/btc-updown-5m-1783503300_v8.json,a020069d57ff4207da8e065616ad11249d0908003538c144a26bdeb968000725,195784,2026-07-09T17:28:59Z,included,,btc,5m,1783503300,v8
btc-updown-5m-1783503600_v8.json,AUTOPSY/logs/btc-updown-5m-1783503600_v8.json,d82b7a71d2a36e665027632cd270ba2a615cd128ac8ba3b6a900f9dd787f226d,193749,2026-07-09T17:28:59Z,included,,btc,5m,1783503600,v8
btc-updown-5m-1783503900_v8.json,AUTOPSY/logs/btc-updown-5m-1783503900_v8.json,7613581efea10130f377f5abd05b11d70c4f59d07143ddb43b788b045d099395,194483,2026-07-09T17:28:59Z,included,,btc,5m,1783503900,v8
btc-updown-5m-1783504200_v8.json,AUTOPSY/logs/btc-updown-5m-1783504200_v8.json,fe7a2087352dea8a6cb9d024f22c5e95a677ef2ae9f1f42301f99c9f560d31fb,194161,2026-07-09T17:28:59Z,included,,btc,5m,1783504200,v8
btc-updown-5m-1783504500_v8.json,AUTOPSY/logs/btc-updown-5m-1783504500_v8.json,7e4a5edf6d8000c572eba9d19376c3452b524c9122c8a556afe4f1febfebcd13,194022,2026-07-09T17:28:59Z,included,,btc,5m,1783504500,v8
btc-updown-5m-1783504800_v8.json,AUTOPSY/logs/btc-updown-5m-1783504800_v8.json,5bcc84ef27cb244524938c7c692890db9a5eb5d9af9178cf1bb5dda65cac16a0,195134,2026-07-09T17:28:59Z,included,,btc,5m,1783504800,v8
btc-updown-5m-1783505100_v8.json,AUTOPSY/logs/btc-updown-5m-1783505100_v8.json,d5492700956c980e7136c6a6384a94e8d88bc8e66e097398f382863c34c83d01,194243,2026-07-09T17:28:59Z,included,,btc,5m,1783505100,v8
btc-updown-5m-1783505400_v8.json,AUTOPSY/logs/btc-updown-5m-1783505400_v8.json,0d8f469271ae506e2648b8e8cd37fc1d9393e53986fc22ca61847a148dfb552d,192428,2026-07-09T17:28:59Z,included,,btc,5m,1783505400,v8
btc-updown-5m-1783505700_v8.json,AUTOPSY/logs/btc-updown-5m-1783505700_v8.json,b43f1ffe1fda549293123d2ab2b358204087926c11d7399048d32f374b7a6031,192298,2026-07-09T17:28:59Z,included,,btc,5m,1783505700,v8
btc-updown-5m-1783506000_v8.json,AUTOPSY/logs/btc-updown-5m-1783506000_v8.json,40741439d9505f9cde5e6015c8720dea67260937ba6f82be61e6473bd4937e9d,191876,2026-07-09T17:28:59Z,included,,btc,5m,1783506000,v8
btc-updown-5m-1783506300_v8.json,AUTOPSY/logs/btc-updown-5m-1783506300_v8.json,00f97d6c0f633dfb15bb7bf726c984f4d9c25e2054256145b2686de525c7b821,190928,2026-07-09T17:28:59Z,included,,btc,5m,1783506300,v8
btc-updown-5m-1783506600_v8.json,AUTOPSY/logs/btc-updown-5m-1783506600_v8.json,561302271ecc68fcfd661305192f49318e583c30de6cd31a6c7f35c473abf4e4,192161,2026-07-09T17:28:59Z,included,,btc,5m,1783506600,v8
btc-updown-5m-1783506900_v8.json,AUTOPSY/logs/btc-updown-5m-1783506900_v8.json,ea632d368888d8f3b41955ac4d7383945f94f6009753a621966f269567fe2e35,194622,2026-07-09T17:28:59Z,included,,btc,5m,1783506900,v8
btc-updown-5m-1783507200_v8.json,AUTOPSY/logs/btc-updown-5m-1783507200_v8.json,851b579022629ac702d875755760ade2e0bf7b055d57cfbe59f012f5f24df16b,192612,2026-07-09T17:28:59Z,included,,btc,5m,1783507200,v8
btc-updown-5m-1783507500_v8.json,AUTOPSY/logs/btc-updown-5m-1783507500_v8.json,668ff59a6fc0ed2f1ce05ab44199afc57f1f0d395a044c0c326783f10bd451df,192986,2026-07-09T17:28:59Z,included,,btc,5m,1783507500,v8
btc-updown-5m-1783507800_v8.json,AUTOPSY/logs/btc-updown-5m-1783507800_v8.json,2e3d7ef8717248caa9ffb9d9ad763090521ef7e96b8ce92cf259194c782cb9ad,193531,2026-07-09T17:28:59Z,included,,btc,5m,1783507800,v8
btc-updown-5m-1783508100_v8.json,AUTOPSY/logs/btc-updown-5m-1783508100_v8.json,e3fce3fd349ad4c44bbc732f3a6756b03368f5296273f67cd5bfe9970172150f,194227,2026-07-09T17:28:59Z,included,,btc,5m,1783508100,v8
btc-updown-5m-1783508400_v8.json,AUTOPSY/logs/btc-updown-5m-1783508400_v8.json,5975d78c870eeda10374529bbba1b701dd47abe01db0fddaf3276673c0c3a579,194758,2026-07-09T17:28:59Z,included,,btc,5m,1783508400,v8
btc-updown-5m-1783508700_v8.json,AUTOPSY/logs/btc-updown-5m-1783508700_v8.json,adb622336bb193d49e836dbbc8dc0a65d17a86a3ad02454c8c185fa01added32,192668,2026-07-09T17:28:59Z,included,,btc,5m,1783508700,v8
btc-updown-5m-1783509000_v8.json,AUTOPSY/logs/btc-updown-5m-1783509000_v8.json,b8d51ebaa80dac7de88b1335a2673f372efa7804c3c1976c3e0736c20bf6e1c3,193968,2026-07-09T17:28:59Z,included,,btc,5m,1783509000,v8
btc-updown-5m-1783509300_v8.json,AUTOPSY/logs/btc-updown-5m-1783509300_v8.json,050f23b405e34de250b82bea283d06d7fef28b04f1e9cf74298909cb3e8f4f73,191413,2026-07-09T17:28:59Z,included,,btc,5m,1783509300,v8
btc-updown-5m-1783509600_v8.json,AUTOPSY/logs/btc-updown-5m-1783509600_v8.json,ad81eb320a93420bd5569c052dcd1c67888e9dd37f13330f9de78a74cfec0394,192952,2026-07-09T17:28:59Z,included,,btc,5m,1783509600,v8
btc-updown-5m-1783514400_v8.json,AUTOPSY/logs/btc-updown-5m-1783514400_v8.json,4bb4428b269895de610f9af1365a9f5140a990550db482b9f401ba219f7a1f8d,195916,2026-07-09T17:28:59Z,included,,btc,5m,1783514400,v8
btc-updown-5m-1783514700_v8.json,AUTOPSY/logs/btc-updown-5m-1783514700_v8.json,c2020b71c5cedc07ae3eda8e7e1cd09c50a970a5c5e36d25d53ea21d658bf704,193951,2026-07-09T17:28:59Z,included,,btc,5m,1783514700,v8
btc-updown-5m-1783515000_v8.json,AUTOPSY/logs/btc-updown-5m-1783515000_v8.json,84b373c78f7b04aca2593b079d16759e08dc7e1c7d20282a2ed6e275076e2d07,195089,2026-07-09T17:28:59Z,included,,btc,5m,1783515000,v8
btc-updown-5m-1783515300_v8.json,AUTOPSY/logs/btc-updown-5m-1783515300_v8.json,b3689088e373aba49709660c2dd0c53399f4d0521ade983f0333a4be39f1e7af,193613,2026-07-09T17:28:59Z,included,,btc,5m,1783515300,v8
btc-updown-5m-1783515600_v8.json,AUTOPSY/logs/btc-updown-5m-1783515600_v8.json,d437a6d4ee042879bb2674b4c0f308786cd3f800814cc24a097651cce8951976,193691,2026-07-09T17:28:59Z,included,,btc,5m,1783515600,v8
btc-updown-5m-1783515900_v8.json,AUTOPSY/logs/btc-updown-5m-1783515900_v8.json,2228535f7223e32e650dfc91a4ac59dbfcc11e458a6d6ada0a53e15e0eeb97a7,197942,2026-07-09T17:28:59Z,included,,btc,5m,1783515900,v8
btc-updown-5m-1783516200_v8.json,AUTOPSY/logs/btc-updown-5m-1783516200_v8.json,c99f3405a9119cea9beb20a442092e77a351706b72f400cb327ec6411feb9124,195292,2026-07-09T17:28:59Z,included,,btc,5m,1783516200,v8
btc-updown-5m-1783516500_v8.json,AUTOPSY/logs/btc-updown-5m-1783516500_v8.json,eadf8304ce76164426a3d6871e2b5b3cde3b929867e7703a3e515c9c29a97f19,193634,2026-07-09T17:28:59Z,included,,btc,5m,1783516500,v8
btc-updown-5m-1783516800_v8.json,AUTOPSY/logs/btc-updown-5m-1783516800_v8.json,e6acc123d93e7ed4ac16944e76d952324ae8c5e64887e94bf4745343660788ad,194046,2026-07-09T17:28:59Z,included,,btc,5m,1783516800,v8
btc-updown-5m-1783517100_v8.json,AUTOPSY/logs/btc-updown-5m-1783517100_v8.json,be7501f47011f1b572c9e1d6deea67fc26b2021b96158fec4947f96588437cc8,197859,2026-07-09T17:28:59Z,included,,btc,5m,1783517100,v8
btc-updown-5m-1783517400_v8.json,AUTOPSY/logs/btc-updown-5m-1783517400_v8.json,5ac5a0419c3eceebbb81b675a367974006322bc7ddb8a4a2830e716aa91a53e7,194242,2026-07-09T17:28:59Z,included,,btc,5m,1783517400,v8
btc-updown-5m-1783517700_v8.json,AUTOPSY/logs/btc-updown-5m-1783517700_v8.json,d80b2c0855daad6e684e85ba07957fcae85f112910bbe3c667aadcf44f41d73c,195652,2026-07-09T17:28:59Z,included,,btc,5m,1783517700,v8
btc-updown-5m-1783518000_v8.json,AUTOPSY/logs/btc-updown-5m-1783518000_v8.json,64fe307b38bb908ff60d2cd2aeb06fc5ff2e154002d3485afa0f6c86c0318d6a,193246,2026-07-09T17:28:59Z,included,,btc,5m,1783518000,v8
btc-updown-5m-1783518300_v8.json,AUTOPSY/logs/btc-updown-5m-1783518300_v8.json,5efc760c0de63d44eeff7c2c4341e87a080f8a0f5991f203746800d5ce2f37ab,194940,2026-07-09T17:28:59Z,included,,btc,5m,1783518300,v8
btc-updown-5m-1783518600_v8.json,AUTOPSY/logs/btc-updown-5m-1783518600_v8.json,6d81135578862d67655a8685e0d311f5a07387688a3d452afc9ea06cdec62170,196736,2026-07-09T17:28:59Z,included,,btc,5m,1783518600,v8
btc-updown-5m-1783518900_v8.json,AUTOPSY/logs/btc-updown-5m-1783518900_v8.json,e658364cf3c65f0424e152dfef7c4b42f32e547cd41ebf9ab3ae698bd42b1dca,193533,2026-07-09T17:28:59Z,included,,btc,5m,1783518900,v8
btc-updown-5m-1783519200_v8.json,AUTOPSY/logs/btc-updown-5m-1783519200_v8.json,35976eecc9991e8415d848b53afcc9deec8170b52f1a0b90a9961e32af7d40fa,194091,2026-07-09T17:28:59Z,included,,btc,5m,1783519200,v8
btc-updown-5m-1783519500_v8.json,AUTOPSY/logs/btc-updown-5m-1783519500_v8.json,3980d602e668393ef3a40f1600aec1e655e65c9f84f8c6f18d1829531f3b8277,194486,2026-07-09T17:28:59Z,included,,btc,5m,1783519500,v8
btc-updown-5m-1783526400_v8.json,AUTOPSY/logs/btc-updown-5m-1783526400_v8.json,1e7084d875006599b396bc1956028eb012cd38bfafd3b1cad100b9c142eaef12,193812,2026-07-09T17:28:59Z,included,,btc,5m,1783526400,v8
btc-updown-5m-1783526700_v8.json,AUTOPSY/logs/btc-updown-5m-1783526700_v8.json,918fcab6768422f21783f4b65aca9df956630d64761870dd6c37df77bfd27e5a,193446,2026-07-09T17:28:59Z,included,,btc,5m,1783526700,v8
btc-updown-5m-1783527000_v8.json,AUTOPSY/logs/btc-updown-5m-1783527000_v8.json,2182c79c4932b4fd0768346f9708ddc993a170ea15f0601e474860546bb9edc7,194799,2026-07-09T17:28:59Z,included,,btc,5m,1783527000,v8
btc-updown-5m-1783527300_v8.json,AUTOPSY/logs/btc-updown-5m-1783527300_v8.json,ffea109aef77a89eaf248eb54e94a1f646cd287a00cfd28622f4327bd07a0d8d,193079,2026-07-09T17:28:59Z,included,,btc,5m,1783527300,v8
btc-updown-5m-1783527600_v8.json,AUTOPSY/logs/btc-updown-5m-1783527600_v8.json,4e77302ff382eb4e87988b927d707574c7028e0580c6ee7a008ef1cb2f618354,194228,2026-07-09T17:28:59Z,included,,btc,5m,1783527600,v8
btc-updown-5m-1783527900_v8.json,AUTOPSY/logs/btc-updown-5m-1783527900_v8.json,f234eefac59487c7370d71756efc98dac43de88c7e93d7c61d8d84d8de9dce07,191487,2026-07-09T17:28:59Z,included,,btc,5m,1783527900,v8
btc-updown-5m-1783528200_v8.json,AUTOPSY/logs/btc-updown-5m-1783528200_v8.json,ca75232c5c823b60a70899f0a53a372c243a04f5fa6052e6e08dce2c2bc8d0d1,194040,2026-07-09T17:28:59Z,included,,btc,5m,1783528200,v8
btc-updown-5m-1783528500_v8.json,AUTOPSY/logs/btc-updown-5m-1783528500_v8.json,a1f152c7754d8b5b7a56f21c0cfa8a6b2bcaf69759c83f5bc6d889600ed1ef49,194444,2026-07-09T17:28:59Z,included,,btc,5m,1783528500,v8
btc-updown-5m-1783528800_v8.json,AUTOPSY/logs/btc-updown-5m-1783528800_v8.json,49f27fb1331b248d5e6e9169df16be4fd462636be4a871abd224a39a300bc662,195051,2026-07-09T17:28:59Z,included,,btc,5m,1783528800,v8
btc-updown-5m-1783529100_v8.json,AUTOPSY/logs/btc-updown-5m-1783529100_v8.json,7179a8a92652b8b9d78b0bfcfb5f9574210263491d4c88e7015de4d682e5ab56,194862,2026-07-09T17:28:59Z,included,,btc,5m,1783529100,v8
btc-updown-5m-1783529400_v8.json,AUTOPSY/logs/btc-updown-5m-1783529400_v8.json,e358fed4806dba158a74f992c75e99bc012d1fb91756b8c324f08cc047367916,192780,2026-07-09T17:28:59Z,included,,btc,5m,1783529400,v8
btc-updown-5m-1783530600_v8.json,AUTOPSY/logs/btc-updown-5m-1783530600_v8.json,9103f188ddc543f6bf4af6c2e2a3974f1a708686d2184b97c37d2497fa951533,195779,2026-07-09T17:28:59Z,included,,btc,5m,1783530600,v8
btc-updown-5m-1783530900_v8.json,AUTOPSY/logs/btc-updown-5m-1783530900_v8.json,ab6eeda9bf6b27566e51798f500a56ea7fab1f014ef04bf9595de58482312ef7,192206,2026-07-09T17:28:59Z,included,,btc,5m,1783530900,v8
btc-updown-5m-1783531200_v8.json,AUTOPSY/logs/btc-updown-5m-1783531200_v8.json,ab55cd9943f88a7640f26d4b4b7a12620daca3e06099f1b9c258ba45251696b1,193544,2026-07-09T17:28:59Z,included,,btc,5m,1783531200,v8
btc-updown-5m-1783531500_v8.json,AUTOPSY/logs/btc-updown-5m-1783531500_v8.json,1a1cdb6b5faceb4e9df093d9a8a394b77068721642d103b8bb619ce62ac78f59,192255,2026-07-09T17:28:59Z,included,,btc,5m,1783531500,v8
btc-updown-5m-1783531800_v8.json,AUTOPSY/logs/btc-updown-5m-1783531800_v8.json,7ede07b4ce48fcf91f13c159e9dc335032d2d197c196d947db348cb401f78783,195006,2026-07-09T17:28:59Z,included,,btc,5m,1783531800,v8
btc-updown-5m-1783532100_v8.json,AUTOPSY/logs/btc-updown-5m-1783532100_v8.json,070b88e6d6dfda50ebde2a0618cde198eadd6713cb929da10e679a0b87eb0c6f,193136,2026-07-09T17:28:59Z,included,,btc,5m,1783532100,v8
btc-updown-5m-1783532400_v8.json,AUTOPSY/logs/btc-updown-5m-1783532400_v8.json,501b8fe597138fc17564beef4c6655f8a5a57ee6ab2f6ae6b1d386a0811b85ba,196231,2026-07-09T17:28:59Z,included,,btc,5m,1783532400,v8
btc-updown-5m-1783532700_v8.json,AUTOPSY/logs/btc-updown-5m-1783532700_v8.json,62de66abbeeae839668715f847dd6c0712730e69e69e36d2f821c4ded5f114b8,193762,2026-07-09T17:28:59Z,included,,btc,5m,1783532700,v8
btc-updown-5m-1783533000_v8.json,AUTOPSY/logs/btc-updown-5m-1783533000_v8.json,45da9df4145875ca844280de82b3c39f2de8a343e86e8a1dd18ee5f28fb31020,195552,2026-07-09T17:28:59Z,included,,btc,5m,1783533000,v8
btc-updown-5m-1783533300_v8.json,AUTOPSY/logs/btc-updown-5m-1783533300_v8.json,d1851b8b4e9b0a4a20bc62bcb13d102de329fa55382d7dc6be24de9938de0734,192209,2026-07-09T17:28:59Z,included,,btc,5m,1783533300,v8
btc-updown-5m-1783533600_v8.json,AUTOPSY/logs/btc-updown-5m-1783533600_v8.json,607cb6dce3ee7253e42e6e24d4ac930387337c8332c9c8ebd1dd61109914c073,193687,2026-07-09T17:28:59Z,included,,btc,5m,1783533600,v8
btc-updown-5m-1783533900_v8.json,AUTOPSY/logs/btc-updown-5m-1783533900_v8.json,6d43f46b36c4bc23ce7779c9224a105f146bf67a80308a571626f9cad54b9895,192470,2026-07-09T17:28:59Z,included,,btc,5m,1783533900,v8
btc-updown-5m-1783536900_v8.json,AUTOPSY/logs/btc-updown-5m-1783536900_v8.json,6fb4062bce562c06923094f5bcd4559af3bfbd5fbb1e5ebe93f4cee7ebb19709,189794,2026-07-09T17:28:59Z,included,,btc,5m,1783536900,v8
btc-updown-5m-1783537200_v8.json,AUTOPSY/logs/btc-updown-5m-1783537200_v8.json,21bde214e02ce1732474d740ceae405ba16ba47c91bd1ba08f1d382dcfe14c34,193806,2026-07-09T17:28:59Z,included,,btc,5m,1783537200,v8
btc-updown-5m-1783537500_v8.json,AUTOPSY/logs/btc-updown-5m-1783537500_v8.json,336387124bca0f0862a5689cb0a6b6d7298a53192e27e3a445d24b23cedb1722,192832,2026-07-09T17:28:59Z,included,,btc,5m,1783537500,v8
btc-updown-5m-1783537800_v8.json,AUTOPSY/logs/btc-updown-5m-1783537800_v8.json,82067f3623df4c97c7d3cc9394fabe9784749b18ce7b0dc07a8f095451dd449f,195857,2026-07-09T17:28:59Z,included,,btc,5m,1783537800,v8
btc-updown-5m-1783538100_v8.json,AUTOPSY/logs/btc-updown-5m-1783538100_v8.json,deb4d28a60e021170db81bdbe44296083cebf789986ca097a2b7e2016ed8521d,192030,2026-07-09T17:28:59Z,included,,btc,5m,1783538100,v8
btc-updown-5m-1783538400_v8.json,AUTOPSY/logs/btc-updown-5m-1783538400_v8.json,d3712d1ee4e00e4e32b8583dbe4b19fd168e0d314d7d1d4caa4c93ec3c553f8e,192180,2026-07-09T17:28:59Z,included,,btc,5m,1783538400,v8
btc-updown-5m-1783538700_v8.json,AUTOPSY/logs/btc-updown-5m-1783538700_v8.json,3399beeec40388d562f9e55ed085b2993623f6e27ef47a79b185ad351d39437d,191882,2026-07-09T17:28:59Z,included,,btc,5m,1783538700,v8
btc-updown-5m-1783539000_v8.json,AUTOPSY/logs/btc-updown-5m-1783539000_v8.json,4b1a5abd5bba1faec1f20420171e1fc978887dc858961db71ce4006cbb7e1d8b,192559,2026-07-09T17:28:59Z,included,,btc,5m,1783539000,v8
btc-updown-5m-1783539300_v8.json,AUTOPSY/logs/btc-updown-5m-1783539300_v8.json,576a8dd38e231d079d39cf012f2d5def0a0974e6f4f0d23b8639cc14f753d756,193613,2026-07-09T17:28:59Z,included,,btc,5m,1783539300,v8
btc-updown-5m-1783539600_v8.json,AUTOPSY/logs/btc-updown-5m-1783539600_v8.json,198603551a94bf413880754b7f50fe59ec5a31d3aa91da3387e1778e46967915,192678,2026-07-09T17:28:59Z,included,,btc,5m,1783539600,v8
btc-updown-5m-1783539900_v8.json,AUTOPSY/logs/btc-updown-5m-1783539900_v8.json,11396a4406c662db2091ea537bd5c923d945b86c8a39e990c246679d003193e7,195080,2026-07-09T17:28:59Z,included,,btc,5m,1783539900,v8
btc-updown-5m-1783540800_v8.json,AUTOPSY/logs/btc-updown-5m-1783540800_v8.json,de76a8f4d55b8d5c28b99b2ee590cd13e240c076f2439ba510eff1645f6af4af,195919,2026-07-09T17:28:59Z,included,,btc,5m,1783540800,v8
btc-updown-5m-1783541100_v8.json,AUTOPSY/logs/btc-updown-5m-1783541100_v8.json,3f74133b195d0823729fbc53b070050e93e481dbe1e5ca0d7d25adc36b279f01,193926,2026-07-09T17:28:59Z,included,,btc,5m,1783541100,v8
btc-updown-5m-1783541400_v8.json,AUTOPSY/logs/btc-updown-5m-1783541400_v8.json,34bd18e8a67dbf7afa7b5f3f30f35de3833eae159e5d9729c31d4e5f63474990,193897,2026-07-09T17:28:59Z,included,,btc,5m,1783541400,v8
btc-updown-5m-1783542300_v8.json,AUTOPSY/logs/btc-updown-5m-1783542300_v8.json,2774b40a2f984324ad9aca8f60997f3a2630afb96245f2cdcf5f3e191402141a,212778,2026-07-09T17:28:59Z,included,,btc,5m,1783542300,v8
btc-updown-5m-1783542600_v8.json,AUTOPSY/logs/btc-updown-5m-1783542600_v8.json,2a72818f1c119e8a9864a9cb09c50847b9f671ae55ca50a7385e544fb8e122a5,211216,2026-07-09T17:28:59Z,included,,btc,5m,1783542600,v8
btc-updown-5m-1783542900_v8.json,AUTOPSY/logs/btc-updown-5m-1783542900_v8.json,c9d52af42e3dc7363a894718f265eb1f0b550c89b1c7bc0d312298291db757be,221610,2026-07-09T17:28:59Z,included,,btc,5m,1783542900,v8
btc-updown-5m-1783543200_v8.json,AUTOPSY/logs/btc-updown-5m-1783543200_v8.json,2d0083fb9177266fff9294a38fda3c8bafa237bd1986fc44d78782ffdb6432f4,216714,2026-07-09T17:28:59Z,included,,btc,5m,1783543200,v8
btc-updown-5m-1783543500_v8.json,AUTOPSY/logs/btc-updown-5m-1783543500_v8.json,7b2b310d231ae4deee964da74d9a6b70ebe879be5b2539feba30f07149fb8d94,206783,2026-07-09T17:28:59Z,included,,btc,5m,1783543500,v8
btc-updown-5m-1783543800_v8.json,AUTOPSY/logs/btc-updown-5m-1783543800_v8.json,5cf746f66a9807b7b76244bdc793dec89a38dc038a9eff68fa20ed1e3cef83cd,217326,2026-07-09T17:28:59Z,included,,btc,5m,1783543800,v8
btc-updown-5m-1783544100_v8.json,AUTOPSY/logs/btc-updown-5m-1783544100_v8.json,c3756225aeafa6e3ffc719b3ca2d454856b91f94080868b6f1a520ead41bb64d,217703,2026-07-09T17:28:59Z,included,,btc,5m,1783544100,v8
btc-updown-5m-1783547100_v8.json,AUTOPSY/logs/btc-updown-5m-1783547100_v8.json,e838236ae03093b948b2599174f482d554621c5ec6b62e9c8dfa9b53b663310e,208916,2026-07-09T17:28:59Z,included,,btc,5m,1783547100,v8
btc-updown-5m-1783547400_v8.json,AUTOPSY/logs/btc-updown-5m-1783547400_v8.json,880f844230b1cdc0ed1dfff774729672fe7d0845f3b421aac3d7f1090a2ba783,208113,2026-07-09T17:28:59Z,included,,btc,5m,1783547400,v8
btc-updown-5m-1783547700_v8.json,AUTOPSY/logs/btc-updown-5m-1783547700_v8.json,6d0b81afc33e7d37e43c24e290205b0b033ef200ff12cdd1237eb78eadfbe7ee,208550,2026-07-09T17:28:59Z,included,,btc,5m,1783547700,v8
btc-updown-5m-1783548000_v8.json,AUTOPSY/logs/btc-updown-5m-1783548000_v8.json,5d3616cc85736dec6ff2d086f629625061fe9d00a76b501c5371d45cd0303ab3,217623,2026-07-09T17:28:59Z,included,,btc,5m,1783548000,v8
btc-updown-5m-1783550400_v8.json,AUTOPSY/logs/btc-updown-5m-1783550400_v8.json,82ea2282e0abcb857679ec40a807982b16c3f2e399aa0b841837bdb8f45ab91b,205310,2026-07-09T17:28:59Z,included,,btc,5m,1783550400,v8
btc-updown-5m-1783551000_v8.json,AUTOPSY/logs/btc-updown-5m-1783551000_v8.json,b389a200d83de9ab6d0ec65ed15bb3d30defb8c9ac73b1795d434ea0b34c16b5,196549,2026-07-09T17:17:05Z,included,,btc,5m,1783551000,v8
btc-updown-5m-1783611300_v8.json,AUTOPSY/logs/btc-updown-5m-1783611300_v8.json,0cd846afffb8e28cdd2d4228b343ab7973b61c5cbe43528a6c371129a36f63f9,216996,2026-07-09T20:46:53Z,included,,btc,5m,1783611300,v8
btc-updown-5m-1783611600_v8.json,AUTOPSY/logs/btc-updown-5m-1783611600_v8.json,779a90a6938a1cad778ebd325876091619ae34f8bf9df023a0c9b3e65ffcfa6c,214158,2026-07-09T20:46:53Z,included,,btc,5m,1783611600,v8
btc-updown-5m-1783611900_v8.json,AUTOPSY/logs/btc-updown-5m-1783611900_v8.json,3d9b8eadae3f80830d3886473be1c51ca095dddfc99c33792e16a9d792c626a6,210353,2026-07-09T20:46:53Z,included,,btc,5m,1783611900,v8
btc-updown-5m-1783612200_v8.json,AUTOPSY/logs/btc-updown-5m-1783612200_v8.json,62e7e1258a7bcd2e5a1a6bb35686e07698085babdd790dff5aa0cc030c5787d4,214892,2026-07-09T20:46:53Z,included,,btc,5m,1783612200,v8
btc-updown-5m-1783612500_v8.json,AUTOPSY/logs/btc-updown-5m-1783612500_v8.json,eb054a6a8cb71011b59126bde2c151ef0863f40369cc3550e3f633bd2d95109d,219926,2026-07-09T20:46:53Z,included,,btc,5m,1783612500,v8
btc-updown-5m-1783612800_v8.json,AUTOPSY/logs/btc-updown-5m-1783612800_v8.json,3e1fa9d4f364bbef4f38025d69205d7fdecedbe897d1df538cd8613a7fe72084,219207,2026-07-09T20:46:53Z,included,,btc,5m,1783612800,v8
btc-updown-5m-1783613100_v8.json,AUTOPSY/logs/btc-updown-5m-1783613100_v8.json,934682733969891ffbad2c22b5a786623f3a4ee53b10780709dc112aaeaf85ab,219342,2026-07-09T20:46:53Z,included,,btc,5m,1783613100,v8
btc-updown-5m-1783613400_v8.json,AUTOPSY/logs/btc-updown-5m-1783613400_v8.json,030ed41bd90f589aa7b8fd0df43888bd119b8cc5e445cc434b55412f79037488,207371,2026-07-09T20:46:53Z,included,,btc,5m,1783613400,v8
btc-updown-5m-1783613700_v8.json,AUTOPSY/logs/btc-updown-5m-1783613700_v8.json,c59c52cbea96cf6a1ca33e40c2f9a8381ca7194b82411e65897a1c500003c4ea,219618,2026-07-09T20:46:53Z,included,,btc,5m,1783613700,v8
btc-updown-5m-1783614000_v8.json,AUTOPSY/logs/btc-updown-5m-1783614000_v8.json,b99d91305578d715242a0720ceb41fd5b4433a00758db60563802b2802429be9,216856,2026-07-09T20:46:53Z,included,,btc,5m,1783614000,v8
btc-updown-5m-1783614300_v8.json,AUTOPSY/logs/btc-updown-5m-1783614300_v8.json,c9c1db5f6dc47eb70e6145d529ae9e811c49c93bd10f8ab700aa60581ff99da6,215727,2026-07-09T20:46:53Z,included,,btc,5m,1783614300,v8
btc-updown-5m-1783614600_v8.json,AUTOPSY/logs/btc-updown-5m-1783614600_v8.json,eb68bcbe2efd780201e8e8481940e809d56d237776fc48764ad55696e1d6f134,201774,2026-07-09T20:46:53Z,included,,btc,5m,1783614600,v8
btc-updown-5m-1783614900_v8.json,AUTOPSY/logs/btc-updown-5m-1783614900_v8.json,16b3912e70ca8f3b9e6b6b89bd45172ffbc428394a266a5732c3a656511e2895,215533,2026-07-09T20:46:53Z,included,,btc,5m,1783614900,v8
btc-updown-5m-1783616700_v8.json,AUTOPSY/logs/btc-updown-5m-1783616700_v8.json,6000d7b9db622efa2f7362ebc395a4b205360e7b31e6b562a9fc1105a8977a4c,218040,2026-07-09T20:46:53Z,included,,btc,5m,1783616700,v8
btc-updown-5m-1783617300_v8.json,AUTOPSY/logs/btc-updown-5m-1783617300_v8.json,554149d5b27edcddc43495f106f965bf9033480d371c4e906b109a9560fb7d83,219589,2026-07-09T20:46:53Z,included,,btc,5m,1783617300,v8
btc-updown-5m-1783617600_v8.json,AUTOPSY/logs/btc-updown-5m-1783617600_v8.json,cf938fc99fb62bf8ba24298324aa7f2fd6757c5eefe661ba51e0ed92dff2aec7,201879,2026-07-09T20:46:53Z,included,,btc,5m,1783617600,v8
btc-updown-5m-1783617900_v8.json,AUTOPSY/logs/btc-updown-5m-1783617900_v8.json,ac6c48ac8e5d96ac89536eff2c76e26f71cf477fae283773c1b09bdecb345e69,208462,2026-07-09T20:46:53Z,included,,btc,5m,1783617900,v8
btc-updown-5m-1783618200_v8.json,AUTOPSY/logs/btc-updown-5m-1783618200_v8.json,ef241f4357ec2651273f9684efd7fef818f3ba734069aa0fadf359110eb2ca9e,216438,2026-07-09T20:46:53Z,excluded,settlement_conflict,btc,5m,1783618200,v8
btc-updown-5m-1783618500_v8.json,AUTOPSY/logs/btc-updown-5m-1783618500_v8.json,752d88d6127366964def32fcea9c69b10c14ffd4ca16d3d61a9bc29772f0f6d7,213232,2026-07-09T20:46:53Z,excluded,settlement_conflict,btc,5m,1783618500,v8
btc-updown-5m-1783618800_v8.json,AUTOPSY/logs/btc-updown-5m-1783618800_v8.json,524cf65aec98ac1d51b2adf2b657b5e84a2a6bceb6371a485e7ea58064608964,212605,2026-07-09T20:46:53Z,excluded,settlement_conflict,btc,5m,1783618800,v8
btc-updown-5m-1783619100_v8.json,AUTOPSY/logs/btc-updown-5m-1783619100_v8.json,1f78008272d31106b2525c51bad0dc31c73b16fe60622301d2d5c472663d4b7a,210288,2026-07-09T20:46:53Z,excluded,settlement_conflict,btc,5m,1783619100,v8
btc-updown-5m-1783619400_v8.json,AUTOPSY/logs/btc-updown-5m-1783619400_v8.json,be7dbb4b775042d93f0803d1dcd44e728f78109720cb9a6188a8715e0e0f31bd,207314,2026-07-09T20:46:53Z,excluded,settlement_conflict,btc,5m,1783619400,v8
btc-updown-5m-1783619700_v8.json,AUTOPSY/logs/btc-updown-5m-1783619700_v8.json,c7569665b11a77ad1e7f950fadcad31f2828872c655a778e1722c44fac6340b3,214477,2026-07-09T20:46:53Z,included,,btc,5m,1783619700,v8
btc-updown-5m-1783620000_v8.json,AUTOPSY/logs/btc-updown-5m-1783620000_v8.json,5513f80a5c89b1b5d7ee5dbc0aac8a110bd6ba82484c0215329e6e0e2541b732,216544,2026-07-09T20:46:53Z,excluded,settlement_conflict,btc,5m,1783620000,v8
btc-updown-5m-1783620300_v8.json,AUTOPSY/logs/btc-updown-5m-1783620300_v8.json,91e2eedf6b2110725c69ea8bd9cbfb854a1da93c599a8cca5f057e1d3fcb7f79,206225,2026-07-09T20:46:53Z,included,,btc,5m,1783620300,v8
btc-updown-5m-1783620600_v8.json,AUTOPSY/logs/btc-updown-5m-1783620600_v8.json,6e0065203528686da67a0a783918aa5daba94261b1c3d8011d926f7f5283c02f,213692,2026-07-09T20:46:53Z,included,,btc,5m,1783620600,v8
btc-updown-5m-1783620900_v8.json,AUTOPSY/logs/btc-updown-5m-1783620900_v8.json,6dfd02b6ea54c5892354b412c4caf4c0a3960e25bb5458d814a9f8a3987d89da,206138,2026-07-09T20:46:53Z,excluded,settlement_conflict,btc,5m,1783620900,v8
btc-updown-5m-1783621200_v8.json,AUTOPSY/logs/btc-updown-5m-1783621200_v8.json,bdeb31d747d26084afd646957f3033e2853a8f93cb3c65056f11facad8dc3738,206684,2026-07-09T20:46:53Z,included,,btc,5m,1783621200,v8
btc-updown-5m-1783622400_v8.json,AUTOPSY/logs/btc-updown-5m-1783622400_v8.json,a3e5d7684584e0cab862a0d0f6d2c14c21d0054404d1af437f8b0f1c771878ff,210782,2026-07-09T20:46:53Z,included,,btc,5m,1783622400,v8
btc-updown-5m-1783622700_v8.json,AUTOPSY/logs/btc-updown-5m-1783622700_v8.json,419c0be64ea06dfbb82ef4218247391d6162664a26dfa418089befd73563814e,195483,2026-07-09T20:46:53Z,included,,btc,5m,1783622700,v8
btc-updown-5m-1783623600_v8.json,AUTOPSY/logs/btc-updown-5m-1783623600_v8.json,5a50981a0c22f9ed60973ee0582b2d9d00c76784b3b310ef1ce28e1ac7e5765f,210352,2026-07-09T20:46:53Z,included,,btc,5m,1783623600,v8
btc-updown-5m-1783623900_v8.json,AUTOPSY/logs/btc-updown-5m-1783623900_v8.json,2d3f58c7e9c200ab25a1f7003e619333786fb427ac718cee1467aee9cab3f6bd,214635,2026-07-09T20:46:53Z,included,,btc,5m,1783623900,v8
btc-updown-5m-1783624200_v8.json,AUTOPSY/logs/btc-updown-5m-1783624200_v8.json,8b6b6e813a1f8e36329956bbc545e75eefd9c53ef89104f502e7fcdca90afd6b,219681,2026-07-09T20:46:53Z,included,,btc,5m,1783624200,v8
btc-updown-5m-1783624500_v8.json,AUTOPSY/logs/btc-updown-5m-1783624500_v8.json,7eaf0038fb7dbd29ae440475c2a78f5a8b15fe47939844230e74fe75e23ebedd,213273,2026-07-09T20:46:53Z,included,,btc,5m,1783624500,v8
btc-updown-5m-1783624800_v8.json,AUTOPSY/logs/btc-updown-5m-1783624800_v8.json,ebd3cbea39a3f0d24d80022f440918006e6b699516a9d075c0ebf6210728d6ad,213750,2026-07-09T20:46:53Z,included,,btc,5m,1783624800,v8
btc-updown-5m-1783625100_v8.json,AUTOPSY/logs/btc-updown-5m-1783625100_v8.json,a9d4ddc37bc085ff5875f36d355a3c53dccdec3de1b90ad4a88bfce55ad30c15,212859,2026-07-09T20:46:53Z,included,,btc,5m,1783625100,v8
btc-updown-5m-1783625400_v8.json,AUTOPSY/logs/btc-updown-5m-1783625400_v8.json,ff05c8f981c06d9a8814f5d2926fdadc84c53eba9db640ba61d868c77525bc7d,212316,2026-07-09T20:46:53Z,included,,btc,5m,1783625400,v8
btc-updown-5m-1783626000_v8.json,AUTOPSY/logs/btc-updown-5m-1783626000_v8.json,18cf60fe320fa3f1745544d04178f8684ed114b962bce8baa02e2e1643684b9f,211953,2026-07-09T20:46:53Z,included,,btc,5m,1783626000,v8
btc-updown-5m-1783626300_v8.json,AUTOPSY/logs/btc-updown-5m-1783626300_v8.json,4f34093b6657c8bf74fa467964627305810b871b265dc48cea7d932245d2aeea,217317,2026-07-09T20:46:53Z,included,,btc,5m,1783626300,v8
btc-updown-5m-1783626600_v8.json,AUTOPSY/logs/btc-updown-5m-1783626600_v8.json,f964b4b6fddb18930f85a572c12bc39e86c9bc4bd8688e9c861eb9ede5c69755,214454,2026-07-09T20:46:53Z,excluded,settlement_conflict,btc,5m,1783626600,v8
btc-updown-5m-1783626900_v8.json,AUTOPSY/logs/btc-updown-5m-1783626900_v8.json,29400d873114945babdd84617552a59305823adebed0915da25614be2684380c,212624,2026-07-09T20:46:53Z,included,,btc,5m,1783626900,v8
btc-updown-5m-1783627200_v8.json,AUTOPSY/logs/btc-updown-5m-1783627200_v8.json,4a20e4c984e4b34bc3b69dada9dcf6dc5afa2419357ba9e6734e3eb63aedd93d,217611,2026-07-09T20:46:53Z,included,,btc,5m,1783627200,v8
btc-updown-5m-1783627500_v8.json,AUTOPSY/logs/btc-updown-5m-1783627500_v8.json,e5c742b6065c1aec3380a0904cfea869185b28a40471c24ca115d3b77793cd15,213920,2026-07-09T20:46:53Z,included,,btc,5m,1783627500,v8
btc-updown-5m-1783627800_v8.json,AUTOPSY/logs/btc-updown-5m-1783627800_v8.json,12dda19fc530b1dc4f1fcf301ae983662ea10e4c15339f44e123856525037592,207647,2026-07-09T20:46:53Z,included,,btc,5m,1783627800,v8
btc-updown-5m-1783628100_v8.json,AUTOPSY/logs/btc-updown-5m-1783628100_v8.json,72e90e0206f99467731c8e40f5e321a6f6c9d47ab3617c71cf8bbecee8887d46,207417,2026-07-09T20:46:53Z,included,,btc,5m,1783628100,v8
btc-updown-5m-1783628400_v8.json,AUTOPSY/logs/btc-updown-5m-1783628400_v8.json,308a1a5e6d23c4f24541ef3e279b228ffa7dd7d2f398b1bc373c630a2507f44c,208628,2026-07-10T14:14:29Z,included,,btc,5m,1783628400,v8
btc-updown-5m-1783628700_v8.json,AUTOPSY/logs/btc-updown-5m-1783628700_v8.json,48928b64f821836d661ec9569e9e9a7278b6a87f13bf98137a4b87cce67ed1d1,213846,2026-07-10T14:14:29Z,included,,btc,5m,1783628700,v8
btc-updown-5m-1783629000_v8.json,AUTOPSY/logs/btc-updown-5m-1783629000_v8.json,09796797d444f65bea69aa5101807cd915f8030fa13d9471e79c1601997bd3f3,211782,2026-07-10T14:14:29Z,included,,btc,5m,1783629000,v8
btc-updown-5m-1783629300_v8.json,AUTOPSY/logs/btc-updown-5m-1783629300_v8.json,45c5095e25eb2c9904f98f629047fa3f4caa386c385db0a61a877d2138c7dda3,208445,2026-07-10T14:14:29Z,included,,btc,5m,1783629300,v8
btc-updown-5m-1783629600_v8.json,AUTOPSY/logs/btc-updown-5m-1783629600_v8.json,a6f1bd6fc8cb21a56f2c291de66b8739675566696fa2c092ac01b567f74c217c,218389,2026-07-10T14:14:29Z,included,,btc,5m,1783629600,v8
btc-updown-5m-1783629900_v8.json,AUTOPSY/logs/btc-updown-5m-1783629900_v8.json,1d631d9d6a546cc88604deafa4e56f2058f68b397be4da03070371ad080b9531,203529,2026-07-10T14:14:29Z,included,,btc,5m,1783629900,v8
btc-updown-5m-1783630200_v8.json,AUTOPSY/logs/btc-updown-5m-1783630200_v8.json,11817d033dcba88013fcbbaeacee8c13eb30c28fb459c68464a6f68e2da81a31,209481,2026-07-10T14:14:29Z,included,,btc,5m,1783630200,v8
btc-updown-5m-1783630500_v8.json,AUTOPSY/logs/btc-updown-5m-1783630500_v8.json,b754666c0d35f2c3e02ab7556fde1a066cf0ce007e3ce9c40bb64057b52b6fc2,205984,2026-07-10T14:14:29Z,included,,btc,5m,1783630500,v8
btc-updown-5m-1783630800_v8.json,AUTOPSY/logs/btc-updown-5m-1783630800_v8.json,cd5ff451bb1ba635733818a2c8fea759c8dd99a1a7b45a24c219567a2993329b,218114,2026-07-10T14:14:29Z,included,,btc,5m,1783630800,v8
btc-updown-5m-1783631100_v8.json,AUTOPSY/logs/btc-updown-5m-1783631100_v8.json,612bdc6c1ef1d9e161c3a577b5892919211ab058576e0682157bf0fb8c3da3b2,205620,2026-07-10T14:14:29Z,included,,btc,5m,1783631100,v8
btc-updown-5m-1783631400_v8.json,AUTOPSY/logs/btc-updown-5m-1783631400_v8.json,149776cf87a86fbafbe1fc622355448754a92036ba15d4fccaa3bd57c00f84c2,208727,2026-07-10T14:14:29Z,included,,btc,5m,1783631400,v8
btc-updown-5m-1783631700_v8.json,AUTOPSY/logs/btc-updown-5m-1783631700_v8.json,597bfd438b198155d573ee7b1b9c251c6335d0fa6e752628a647cfa42bf4e21b,169357,2026-07-10T14:14:29Z,included,,btc,5m,1783631700,v8
btc-updown-5m-1783634700_v8.json,AUTOPSY/logs/btc-updown-5m-1783634700_v8.json,dcc159d809323f700eb1fe4c145b711ce8dd3a77412ed6253dc8b2d2f68ed86b,199732,2026-07-10T14:14:29Z,included,,btc,5m,1783634700,v8
btc-updown-5m-1783635000_v8.json,AUTOPSY/logs/btc-updown-5m-1783635000_v8.json,33c03d300988d76f6876e68249f3f35beacb1e387fee6c8e796ba748717c8d0c,215865,2026-07-10T14:14:29Z,included,,btc,5m,1783635000,v8
btc-updown-5m-1783635300_v8.json,AUTOPSY/logs/btc-updown-5m-1783635300_v8.json,55c6ffe52c07530c9c04fe5a95e50918bacb1f6490ad0c8260a6803b5259c555,211824,2026-07-10T14:14:29Z,included,,btc,5m,1783635300,v8
btc-updown-5m-1783635600_v8.json,AUTOPSY/logs/btc-updown-5m-1783635600_v8.json,c6c9bdd6f7b63f8371cb6d34c104849afcd957ac6a4ae4c5098574a70fbd40ec,210875,2026-07-10T14:14:29Z,included,,btc,5m,1783635600,v8
btc-updown-5m-1783635900_v8.json,AUTOPSY/logs/btc-updown-5m-1783635900_v8.json,7ecb046dac608b03b465a4651de1203045d4171868fdf20dd6081c24d1eb4adb,213649,2026-07-10T14:14:29Z,included,,btc,5m,1783635900,v8
btc-updown-5m-1783636200_v8.json,AUTOPSY/logs/btc-updown-5m-1783636200_v8.json,464f139b22cfb4ee5189f44fdde0abbbeff03c5d55e3e813cf832d6c0bf86c73,204593,2026-07-10T14:14:29Z,included,,btc,5m,1783636200,v8
btc-updown-5m-1783636500_v8.json,AUTOPSY/logs/btc-updown-5m-1783636500_v8.json,d48e4689f1119f0664781f87d36b1e4b8431e21ebc512a1fe1df958265d23d4a,211428,2026-07-10T14:14:29Z,included,,btc,5m,1783636500,v8
btc-updown-5m-1783636800_v8.json,AUTOPSY/logs/btc-updown-5m-1783636800_v8.json,96b039ec9170d1e7c85e149c142ebd8b4293251e94d678cdead00d2b9e243db7,209959,2026-07-10T14:14:29Z,included,,btc,5m,1783636800,v8
btc-updown-5m-1783637100_v8.json,AUTOPSY/logs/btc-updown-5m-1783637100_v8.json,ee287c48c255c40dae6ffd36c7577b9bac361b1a2b6bb154e681c43f103e4a5c,214101,2026-07-10T14:14:29Z,included,,btc,5m,1783637100,v8
btc-updown-5m-1783637400_v8.json,AUTOPSY/logs/btc-updown-5m-1783637400_v8.json,5cbb0f75a15bd1eafbebbf2d541e98a986f1642f597bd95a62708cac7ccfff3a,220179,2026-07-10T14:14:29Z,included,,btc,5m,1783637400,v8
btc-updown-5m-1783637700_v8.json,AUTOPSY/logs/btc-updown-5m-1783637700_v8.json,8b63f611929780d56b120f13f64dbf17a656b92683be876c6fc243a1cf6eacd6,216626,2026-07-10T14:14:29Z,included,,btc,5m,1783637700,v8
btc-updown-5m-1783638000_v8.json,AUTOPSY/logs/btc-updown-5m-1783638000_v8.json,0bba9461849d7b2be3737c68dd7c5e2960ab4c57165c5f4fae4b1ee54f63d5c1,203892,2026-07-10T14:14:29Z,included,,btc,5m,1783638000,v8
btc-updown-5m-1783638300_v8.json,AUTOPSY/logs/btc-updown-5m-1783638300_v8.json,fccda961d08a5cb306e07097573e2cdfce79e3f1c3147e0cfdf4dc041a4fe350,212081,2026-07-10T14:14:29Z,included,,btc,5m,1783638300,v8
btc-updown-5m-1783638600_v8.json,AUTOPSY/logs/btc-updown-5m-1783638600_v8.json,00dc7a347eb0b67f1263c8e591288d05b5f16b7253627a48c6beef7a470aa19d,200965,2026-07-10T14:14:29Z,included,,btc,5m,1783638600,v8
btc-updown-5m-1783638900_v8.json,AUTOPSY/logs/btc-updown-5m-1783638900_v8.json,3a51cae4007d0f28c09b1493bc88bde84e24117ff430829d7a9f0f99206381d4,217621,2026-07-10T14:14:29Z,included,,btc,5m,1783638900,v8
btc-updown-5m-1783639200_v8.json,AUTOPSY/logs/btc-updown-5m-1783639200_v8.json,7d49e8b58233766968e67495b37f0ca9d28b9e9ea12240f736eca58f0ef95d2e,214415,2026-07-10T14:14:29Z,included,,btc,5m,1783639200,v8
btc-updown-5m-1783639500_v8.json,AUTOPSY/logs/btc-updown-5m-1783639500_v8.json,fafc09ed1865b5cba2f84bcd7435bc329310090157b02a6196ce61e999a50b03,203028,2026-07-10T14:14:29Z,included,,btc,5m,1783639500,v8
btc-updown-5m-1783639800_v8.json,AUTOPSY/logs/btc-updown-5m-1783639800_v8.json,586f1a04bf4c3a75a0e9a7fc85b1d80a633d7069e195c87d6364895d063c26e4,213543,2026-07-10T14:14:29Z,included,,btc,5m,1783639800,v8
btc-updown-5m-1783643700_v8.json,AUTOPSY/logs/btc-updown-5m-1783643700_v8.json,dcac9e863aa45804c1dd98630b745229f7e71cff0280418465c5e60bc4ae2c78,174423,2026-07-10T14:14:29Z,included,,btc,5m,1783643700,v8
btc-updown-5m-1783644000_v8.json,AUTOPSY/logs/btc-updown-5m-1783644000_v8.json,9cfdb877ef3a315c2fb1526383446a387782cd572cb377b454ca1619b31e2ab7,190707,2026-07-10T14:14:29Z,included,,btc,5m,1783644000,v8
btc-updown-5m-1783644300_v8.json,AUTOPSY/logs/btc-updown-5m-1783644300_v8.json,efbea924bc7ea7e5cd34fbbf595db9bf61aa43a302e398dc1cdd4be4c2159f45,212878,2026-07-10T14:14:29Z,included,,btc,5m,1783644300,v8
btc-updown-5m-1783655100_v8.json,AUTOPSY/logs/btc-updown-5m-1783655100_v8.json,d57c96251385d0e1ef7d11d144c69f9cb0482fb60f51e1659ca6f7a6a1b95364,214883,2026-07-10T14:14:29Z,included,,btc,5m,1783655100,v8
btc-updown-5m-1783655400_v8.json,AUTOPSY/logs/btc-updown-5m-1783655400_v8.json,696c7abf43d87c0646a99e0aaea57f13c72e303e03b4975d30be6c7dae62e916,216798,2026-07-10T14:14:29Z,included,,btc,5m,1783655400,v8
btc-updown-5m-1783655700_v8.json,AUTOPSY/logs/btc-updown-5m-1783655700_v8.json,9cccccf5d300faf973cc11c8027c1afedaabd6811215879de5bc53220d070993,213354,2026-07-10T14:14:29Z,included,,btc,5m,1783655700,v8
btc-updown-5m-1783656000_v8.json,AUTOPSY/logs/btc-updown-5m-1783656000_v8.json,d29a9a394c5b0c73148bb1df86078a982ef692349d8a55eff984157aa0501489,211651,2026-07-10T14:14:29Z,included,,btc,5m,1783656000,v8
btc-updown-5m-1783656300_v8.json,AUTOPSY/logs/btc-updown-5m-1783656300_v8.json,647ae37398978246e827629865e31e5ba2f6119388ac725b286ad4c6eede4936,216100,2026-07-10T14:14:29Z,included,,btc,5m,1783656300,v8
btc-updown-5m-1783662600_v8.json,AUTOPSY/logs/btc-updown-5m-1783662600_v8.json,4a493edf1ffe443ca0045859e60e7515f0144b63765d749bbc116aa3a0d025ac,214524,2026-07-10T14:14:29Z,included,,btc,5m,1783662600,v8
btc-updown-5m-1783662900_v8.json,AUTOPSY/logs/btc-updown-5m-1783662900_v8.json,ac6ead11d81feb01ac3445b1ed968389e6e236849d82bf9374f0abe600ff2104,211207,2026-07-10T14:14:29Z,included,,btc,5m,1783662900,v8
btc-updown-5m-1783692000_v8.json,AUTOPSY/logs/btc-updown-5m-1783692000_v8.json,4aeb75064638327fd70b411217822bb982b1315e5c16e6177ae9aa1478040445,190126,2026-07-10T14:14:29Z,included,,btc,5m,1783692000,v8
btc-updown-5m-1783692300_v8.json,AUTOPSY/logs/btc-updown-5m-1783692300_v8.json,4899ea42679f0bc1a14336cf9ba7714fb481c2bb78dc5bf3220833e8a429af90,205399,2026-07-10T15:24:50Z,included,,btc,5m,1783692300,v8
btc-updown-5m-1783692600_v8.json,AUTOPSY/logs/btc-updown-5m-1783692600_v8.json,51a09740f08f84fcb043ec6442bcc2baf87a26976ce333f2b933b707dbef6e72,201723,2026-07-10T15:24:50Z,included,,btc,5m,1783692600,v8
btc-updown-5m-1783692900_v8.json,AUTOPSY/logs/btc-updown-5m-1783692900_v8.json,030bdd8e02399fd8607c761012bdef87d626128e178d87bc2a493cbb477d147f,211306,2026-07-10T15:24:50Z,included,,btc,5m,1783692900,v8
btc-updown-5m-1783693200_v8.json,AUTOPSY/logs/btc-updown-5m-1783693200_v8.json,9894b726230b1b0d8387e4372fff030a0aee5ffed72a24015a6efb8b31ddd5e2,213233,2026-07-10T15:24:50Z,included,,btc,5m,1783693200,v8
btc-updown-5m-1783693500_v8.json,AUTOPSY/logs/btc-updown-5m-1783693500_v8.json,7609fdde1805b966e31a0f5a8470ddaacdd8ccb8c03fa0715151b2557d2c9623,202088,2026-07-10T15:24:50Z,included,,btc,5m,1783693500,v8
btc-updown-5m-1783693800_v8.json,AUTOPSY/logs/btc-updown-5m-1783693800_v8.json,6c5f5c2f79a6db9d59317c4bb54e785efb4470fb5c704b5f12eea02c51862e5e,202087,2026-07-10T15:24:50Z,included,,btc,5m,1783693800,v8
btc-updown-5m-1783694100_v8.json,AUTOPSY/logs/btc-updown-5m-1783694100_v8.json,1641c28d369d396f9b98d8029d8322305d0f5276d68b46b081756d5408e11d24,200320,2026-07-10T15:24:50Z,included,,btc,5m,1783694100,v8
btc-updown-5m-1783694400_v8.json,AUTOPSY/logs/btc-updown-5m-1783694400_v8.json,8a0ab43549e877d17322a17dc254c3fb85709ef76ccb16a135e9c0a493a104a5,198273,2026-07-10T15:24:50Z,included,,btc,5m,1783694400,v8
btc-updown-5m-1783694700_v8.json,AUTOPSY/logs/btc-updown-5m-1783694700_v8.json,2cad92c1553320dbaa7d61e02eec1eb0b4783a5bb9604f811aecefa30cf802a1,197651,2026-07-10T15:24:50Z,included,,btc,5m,1783694700,v8
btc-updown-5m-1783695000_v8.json,AUTOPSY/logs/btc-updown-5m-1783695000_v8.json,8031da01603f011db2fd7718456fba70ad93c431a739c1bb9b8c6bce4f4eadb0,204987,2026-07-10T15:24:50Z,included,,btc,5m,1783695000,v8
btc-updown-5m-1783695300_v8.json,AUTOPSY/logs/btc-updown-5m-1783695300_v8.json,fd7615546337e1a09cf5afc38b8860d641ea7ad9ad3017eafb7818516a55d282,210062,2026-07-10T15:24:50Z,included,,btc,5m,1783695300,v8
btc-updown-5m-1783695600_v8.json,AUTOPSY/logs/btc-updown-5m-1783695600_v8.json,731be462b49accd4f42366742a2565e0d6f1d7b629b27aad5ee54dc176fe51b2,197180,2026-07-10T15:24:50Z,included,,btc,5m,1783695600,v8
btc-updown-5m-1783695900_v8.json,AUTOPSY/logs/btc-updown-5m-1783695900_v8.json,1ec3ccd3246cf24d2fc3d395432f1764ea247f7936da0fd537514d951457a76e,200505,2026-07-10T15:24:50Z,included,,btc,5m,1783695900,v8
btc-updown-5m-1783696200_v8.json,AUTOPSY/logs/btc-updown-5m-1783696200_v8.json,2bb16cdc094baf8f50d445e9040ebb242d1c8463c916292aedf9dba41db211f1,204028,2026-07-10T16:00:11Z,included,,btc,5m,1783696200,v8
btc-updown-5m-1783696500_v8.json,AUTOPSY/logs/btc-updown-5m-1783696500_v8.json,2a4c371ba3c197c738bb1a3f6ab4eda575faf8e49b20217fd48af55934627db8,210430,2026-07-10T16:00:11Z,excluded,settlement_conflict,btc,5m,1783696500,v8
btc-updown-5m-1783696800_v8.json,AUTOPSY/logs/btc-updown-5m-1783696800_v8.json,0547a0fb7f61b68597d2734eee3adb069186b9d53a41c7c054e26b0347d5c555,214129,2026-07-10T16:00:11Z,included,,btc,5m,1783696800,v8
btc-updown-5m-1783697100_v8.json,AUTOPSY/logs/btc-updown-5m-1783697100_v8.json,686b3d8401973a92538304c4bf0af070893048d60a0bf99914adab293b6ec207,219338,2026-07-10T16:00:11Z,included,,btc,5m,1783697100,v8
btc-updown-5m-1783697400_v8.json,AUTOPSY/logs/btc-updown-5m-1783697400_v8.json,e7d98100d6368feb19f7e34c1ab7f4d81f1d8a60a31ed6e567b31246fbde2ac1,221989,2026-07-10T16:00:11Z,included,,btc,5m,1783697400,v8
btc-updown-5m-1783697700_v8.json,AUTOPSY/logs/btc-updown-5m-1783697700_v8.json,3000641b3f31313819ec368a742561c876be364b7f9c14a2eae7e9f62dcac6bd,220143,2026-07-10T16:00:11Z,included,,btc,5m,1783697700,v8
btc-updown-5m-1783698000_v8.json,AUTOPSY/logs/btc-updown-5m-1783698000_v8.json,053ab7c5f8dadee87ec25eb810c81944c9f8b708a9eeeb507d581365703a92e2,221051,2026-07-10T16:00:11Z,included,,btc,5m,1783698000,v8
